2022 Utility Bundled Retail Sales- Industrial;;;;;;
(Data from forms EIA-861- schedules 4A & 4D and EIA-861S);;;;;;
Entity;State;Ownership;Customers (Count);Sales (Megawatthours);Revenues (Thousands Dollars);Average Price (cents/kWh)
Alaska Electric Light & Power Co.;AK;Investor Owned;119;116.995;13.369,2;11,43
Chugach Electric Assn Inc;AK;Cooperative;7;63.345;8.204,0;12,95
Golden Valley Elec Assn Inc;AK;Cooperative;557;842.722;169.391,8;20,10
Homer Electric Assn Inc;AK;Cooperative;23;119.983;14.685,5;12,24
Ketchikan Public Utilities;AK;Municipal;14;22.801;2.261,0;9,92
Kodiak Electric Assn Inc;AK;Cooperative;116;89.621;14.005,0;15,63
Alabama Power Co;AL;Investor Owned;6.125;20.936.508;1.762.625,0;8,42
Albertville Municipal Utilities Board;AL;Municipal;15;338.158;23.787,0;7,03
Arab Electric Coop Inc;AL;Cooperative;2;3.498;351,0;10,03
Black Warrior Elec Member Corp;AL;Cooperative;2;8.289;731,8;8,83
Central Alabama Electric Coop;AL;Cooperative;2;15.426;1.492,0;9,67
Cherokee Electric Coop;AL;Cooperative;3;129.791;9.463,0;7,29
City of Andalusia;AL;Municipal;2;256.652;13.645,0;5,32
City of Athens - (AL);AL;Municipal;14;391.840;30.882,0;7,88
City of Bessemer Utilities;AL;Municipal;1;9.747;767,0;7,87
City of Dothan - (AL);AL;Municipal;10;159.740;12.557,0;7,86
City of Florence - (AL);AL;Municipal;8;147.593;13.956,3;9,46
City of Hartselle;AL;Municipal;2;27.189;2.013,0;7,40
City of Huntsville - (AL);AL;Municipal;28;450.252;33.544,0;7,45
City of Muscle Shoals;AL;Municipal;9;101.265;8.117,0;8,02
City of Opelika - (AL);AL;Municipal;14;60.991;5.790,0;9,49
City of Russellville - (AL);AL;Municipal;1;18.991;1.418,0;7,47
City of Scottsboro;AL;Municipal;8;102.747;7.139,0;6,95
City of Tarrant;AL;Municipal;1;7.903;578,0;7,31
City of Troy - (AL);AL;Municipal;164;336.239;21.179,9;6,30
City of Tuscumbia;AL;Municipal;2;12.367;1.604,0;12,97
Clarke-Washington E M C;AL;Cooperative;58;22.718;2.692,0;11,85
Coosa Valley Electric Coop Inc;AL;Cooperative;91;63.756;7.723,0;12,11
Covington Electric Coop, Inc;AL;Cooperative;15;23.313;2.405,6;10,32
Cullman Electric Coop, Inc;AL;Cooperative;13;266.334;21.258,0;7,98
Cullman Power Board;AL;Municipal;3;20.709;2.004,0;9,68
Decatur Utilities;AL;Municipal;11;536.355;32.443,0;6,05
Dixie Electric Coop;AL;Cooperative;29;89.575;8.229,0;9,19
Foley Board of Utilities;AL;Municipal;3;40.046;3.738,0;9,33
Fort Payne Improvement Authority;AL;Municipal;7;76.559;6.375,0;8,33
Franklin Electric Coop - (AL);AL;Cooperative;3;43.893;3.429,0;7,81
Guntersville Electric Board;AL;Municipal;5;83.675;7.071,0;8,45
Joe Wheeler Elec Member Corp;AL;Cooperative;20;770.866;52.307,0;6,79
Marshall-De Kalb Electric Coop;AL;Cooperative;3;14.237;1.452,0;10,20
North Alabama Electric Coop;AL;Cooperative;3;136.725;7.791,0;5,70
Pea River Electric Coop;AL;Cooperative;2;18.221;1.537,4;8,44
Sand Mountain Electric Coop;AL;Cooperative;4;68.051;5.921,0;8,70
Sheffield Utilities;AL;Municipal;8;343.119;20.372,0;5,94
South Alabama Elec Coop, Inc;AL;Cooperative;5;146.858;14.188,0;9,66
Southern Pine Elec Coop, Inc;AL;Cooperative;8;34.463;3.321,0;9,64
Tallapoosa River Elec Coop Inc;AL;Cooperative;12;153.261;13.185,4;8,60
Tennessee Valley Authority;AL;Federal;10;4.872.332;240.568,6;4,94
Arkansas Valley Elec Coop Corp;AR;Cooperative;43;297.466;21.507,7;7,23
C & L Electric Coop Corp;AR;Cooperative;11;16.266;1.854,0;11,40
Carroll Electric Coop Corp - (AR);AR;Cooperative;50;370.927;29.912,0;8,06
City Water and Light Plant;AR;Municipal;35;556.052;38.330,0;6,89
City of Benton - (AR);AR;Municipal;24;50.568;3.818,0;7,55
City of Hope;AR;Municipal;1;44.050;5.105,0;11,59
City of North Little Rock - (AR);AR;Municipal;154;283.366;26.038,0;9,19
City of Siloam Springs - (AR);AR;Municipal;229;186.837;17.044,0;9,12
City of West Memphis - (AR);AR;Municipal;185;123.080;10.462,0;8,50
Clarksville Connected Utilities;AR;Municipal;44;140.188;9.872,9;7,04
Clay County Electric Coop Corp;AR;Cooperative;12;89.272;8.987,2;10,07
Conway Corporation;AR;Municipal;95;291.336;22.985,0;7,89
Craighead Electric Coop Corp;AR;Cooperative;669;57.846;8.027,0;13,88
Empire District Electric Co;AR;Investor Owned;9;76.287;6.481,0;8,50
Entergy Arkansas LLC;AR;Investor Owned;23.691;8.485.598;559.145,0;6,59
First Electric Coop Corp;AR;Cooperative;1.698;513.699;45.662,0;8,89
Mississippi County Electric Co;AR;Cooperative;851;3.044.676;207.188,0;6,80
North Arkansas Elec Coop, Inc;AR;Cooperative;10;103.186;9.942,0;9,64
Oklahoma Gas & Electric Co;AR;Investor Owned;368;1.045.825;86.149,5;8,24
Ouachita Electric Coop Corp;AR;Cooperative;18;97.635;7.984,0;8,18
Ozarks Electric Coop Corp - (AR);AR;Cooperative;33;121.012;12.939,7;10,69
Paragould Light & Water Comm;AR;Municipal;39;276.350;20.773,0;7,52
Petit Jean Electric Coop Corp;AR;Cooperative;9;19.185;2.102,2;10,96
South Central Ark El Coop, Inc;AR;Cooperative;15;106.006;8.920,0;8,41
Southwest Arkansas E C C;AR;Cooperative;4;177.359;16.227,5;9,15
Southwestern Electric Power Co;AR;Investor Owned;611;1.140.926;99.455,2;8,72
Woodruff Electric Coop Corp;AR;Cooperative;6.272;94.291;17.511,4;18,57
Ak-Chin Electric Utility Authority;AZ;State;31;1.329;70,4;5,30
Arizona Public Service Co;AZ;Investor Owned;2.825;2.121.332;195.593,0;9,22
Electrical Dist No2 Pinal County;AZ;Political Subdivision;15;53.603;4.852,0;9,05
Electrical Dist No3 Pinal County;AZ;Political Subdivision;367;220.486;8.772,0;3,98
Electrical Dist No8 Maricopa;AZ;Political Subdivision;688;400.264;35.972,0;8,99
Mohave Electric Cooperative, Inc.;AZ;Cooperative;24;94.725;8.878,2;9,37
Morenci Water and Electric;AZ;Investor Owned;2;2.782.715;242.669,8;8,72
Navajo Tribal Utility Authority;AZ;State;2;77.769;8.464,0;10,88
Navopache Electric Coop, Inc;AZ;Cooperative;541;109.967;12.089,0;10,99
Salt River Project;AZ;Political Subdivision;45;4.303.202;263.895,0;6,13
Sulphur Springs Valley E C Inc;AZ;Cooperative;5;54.022;6.352,8;11,76
Trico Electric Cooperative Inc;AZ;Cooperative;26;43.158;3.364,7;7,80
Tucson Electric Power Co;AZ;Investor Owned;577;3.012.500;260.226,7;8,64
UNS Electric, Inc;AZ;Investor Owned;8;121.482;11.302,2;9,30
USBIA-San Carlos Project;AZ;Federal;3;11.555;803,0;6,95
WAPA-- Western Area Power Administration;AZ;Federal;5;216.541;3.860,8;1,78
Bear Valley Electric Service;CA;Investor Owned;7;23.250;4.130,3;17,76
City & County of San Francisco;CA;Municipal;1;21.812;2.302,7;10,56
City of Anaheim - (CA);CA;Municipal;273;876.269;122.338,0;13,96
City of Azusa;CA;Municipal;28;65.817;9.657,0;14,67
City of Colton - (CA);CA;Municipal;105;164.655;23.655,0;14,37
City of Corona - (CA);CA;Municipal;9;28.745;3.251,4;11,31
City of Glendale - (CA);CA;Municipal;26;20.847;3.551,9;17,04
City of Lodi - (CA);CA;Municipal;24;117.952;18.302,9;15,52
City of Moreno Valley - (CA);CA;Municipal;8;13.520;3.050,2;22,56
City of Palo Alto - (CA);CA;Municipal;60;112.841;17.020,0;15,08
City of Redding - (CA);CA;Municipal;342;12.254;2.338,0;19,08
City of Riverside - (CA);CA;Municipal;660;945.352;127.100,0;13,44
City of Roseville - (CA);CA;Municipal;32;255.022;28.295,4;11,10
City of Santa Clara - (CA);CA;Municipal;1.717;4.040.609;487.697,8;12,07
City of Vernon;CA;Municipal;488;733.573;117.173,6;15,97
Constellation Solar Holding, LLC;CA;Behind the Meter;1;1.102;146,1;13,26
Imperial Irrigation District;CA;Political Subdivision;812;78.257;14.222,0;18,17
Los Angeles Department of Water & Power;CA;Municipal;9.382;1.186.395;223.241,7;18,82
Merced Irrigation District;CA;Political Subdivision;102;202.152;24.638,5;12,19
Modesto Irrigation District;CA;Political Subdivision;143;803.740;81.056,0;10,08
PacifiCorp;CA;Investor Owned;1.941;165.247;19.104,3;11,56
Pacific Gas & Electric Co.;CA;Investor Owned;90.215;11.783.241;2.813.179,0;23,87
Sacramento Municipal Util Dist;CA;Political Subdivision;2.535;2.142.891;249.974,5;11,67
San Diego Gas & Electric Co;CA;Investor Owned;4.255;1.175.333;243.811,1;20,74
Southern California Edison Co;CA;Investor Owned;21.599;3.952.239;690.438,1;17,47
Surprise Valley Electrification;CA;Cooperative;968;72.264;6.195,1;8,57
Turlock Irrigation District;CA;Political Subdivision;6.410;887.515;110.311,0;12,43
Valley Electric Assn, Inc;CA;Cooperative;30;11.509;1.132,2;9,84
WAPA-- Western Area Power Administration;CA;Federal;48;1.484.204;44.729,9;3,01
Black Hills Colorado Electric, LLC;CO;Investor Owned;53;388.303;44.325,0;11,42
CORE Electric Cooperative;CO;Cooperative;11;82.922;7.387,0;8,91
City of Colorado Springs - (CO);CO;Municipal;1.382;2.040.046;198.788,6;9,74
City of Fort Collins - (CO);CO;Municipal;13;465.074;35.452,0;7,62
City of Fort Morgan;CO;Municipal;1;71.107;5.060,6;7,12
City of Longmont;CO;Municipal;12;137.583;10.719,9;7,79
City of Loveland - (CO);CO;Municipal;357;342.889;30.758,5;8,97
Delta Montrose Electric Assn;CO;Cooperative;237;127.525;11.499,7;9,02
Empire Electric Assn, Inc;CO;Cooperative;121;343.617;24.400,8;7,10
Grand Valley Power;CO;Cooperative;178;12.104;1.363,0;11,26
High West Energy, Inc;CO;Cooperative;351;119.165;13.506,0;11,33
Highline Electric Assn;CO;Cooperative;2.088;283.606;30.403,1;10,72
Holy Cross Electric Assn, Inc;CO;Cooperative;20;65.024;6.769,0;10,41
K C Electric Association;CO;Cooperative;682;83.319;8.465,6;10,16
La Plata Electric Assn, Inc;CO;Cooperative;224;365.572;26.608,0;7,28
Moon Lake Electric Assn Inc;CO;Cooperative;117;464.370;32.189,4;6,93
Morgan County Rural Elec Assn;CO;Cooperative;1.595;113.387;14.146,6;12,48
Mountain Parks Electric, Inc;CO;Cooperative;20;34.079;3.089,0;9,06
Mountain View Elec Assn, Inc;CO;Cooperative;39;138.997;11.599,9;8,35
Poudre Valley REA, Inc;CO;Cooperative;722;569.620;42.080,4;7,39
Public Service Co of Colorado;CO;Investor Owned;311;5.972.809;485.127,6;8,12
San Isabel Electric Assn, Inc;CO;Cooperative;13;146.520;12.567,1;8,58
San Luis Valley R E C, Inc;CO;Cooperative;2.587;92.743;15.384,0;16,59
San Miguel Power Assn, Inc;CO;Cooperative;72;1.236;204,7;16,56
Southeast Colorado Power Assn;CO;Cooperative;11;56.835;6.762,0;11,90
Tri-County Electric Coop, Inc (OK);CO;Cooperative;2;0;0,6;.
United Power, Inc;CO;Cooperative;866;1.441.345;119.381,8;8,28
WAPA-- Western Area Power Administration;CO;Federal;3;13.807;370,5;2,68
White River Electric Assn, Inc;CO;Cooperative;92;516.350;41.363,6;8,01
Y-W Electric Assn Inc;CO;Cooperative;2.350;204.032;25.045,0;12,28
Yampa Valley Electric Assn Inc;CO;Cooperative;83;157.704;14.097,5;8,94
Bozrah Light & Power Company;CT;Municipal;14;178.887;22.432,4;12,54
City of Norwich - (CT);CT;Municipal;9;8.014;1.404,5;17,53
Connecticut Light & Power Co;CT;Investor Owned;1.841;164.860;38.094,7;23,11
Groton Dept of Utilities - (CT);CT;Municipal;12;259.526;28.430,1;10,95
Town of Wallingford - (CT);CT;Municipal;24;122.989;14.416,9;11,72
United Illuminating Co;CT;Investor Owned;264;30.385;6.109,5;20,11
City of Dover - (DE);DE;Municipal;39;285.442;27.883,0;9,77
City of Milford - (DE);DE;Municipal;11;87.656;8.542,9;9,75
City of Newark - (DE);DE;Municipal;57;251.779;28.057,7;11,14
Constellation Solar Holding, LLC;DE;Behind the Meter;1;1.219;91,4;7,50
Delmarva Power;DE;Investor Owned;55;98.210;10.388,6;10,58
Town of Middletown - (DE);DE;Municipal;393;153.870;14.794,4;9,61
Central Florida Elec Coop, Inc;FL;Cooperative;792;68.253;8.828,9;12,94
Choctawhatche Elec Coop, Inc;FL;Cooperative;2;16.118;1.283,3;7,96
City of Bartow - (FL);FL;Municipal;285;66.509;8.551,3;12,86
City of Homestead - (FL);FL;Municipal;609;164.196;12.363,0;7,53
City of Lakeland - (FL);FL;Municipal;76;721.997;62.613,8;8,67
City of Leesburg - (FL);FL;Municipal;1;11.416;1.333,0;11,68
City of Ocala;FL;Municipal;954;567.445;46.655,8;8,22
Clay Electric Cooperative, Inc;FL;Cooperative;44;462.406;39.846,3;8,62
Duke Energy Florida, LLC;FL;Investor Owned;1.868;3.507.790;316.218,9;9,01
Florida Keys El Coop Assn, Inc;FL;Cooperative;478;204.611;29.238,0;14,29
Florida Power & Light Co;FL;Investor Owned;13.420;4.727.078;405.950,5;8,59
Florida Public Utilities Co;FL;Investor Owned;2;45.326;4.247,0;9,37
Gainesville Regional Utilities;FL;Municipal;11;179.306;25.002,0;13,94
Glades Electric Coop, Inc;FL;Cooperative;498;106.115;15.280,0;14,40
JEA;FL;Municipal;199;2.689.095;261.357,0;9,72
Kissimmee Utility Authority;FL;Municipal;49;148.633;17.583,5;11,83
New Smyrna Beach City of;FL;Municipal;148;86.868;9.100,0;10,48
Okefenoke Rural El Member Corp;FL;Cooperative;1;732;63,0;8,61
Peace River Electric Coop, Inc;FL;Cooperative;25;962;232,0;24,12
Sumter Electric Coop, Inc;FL;Cooperative;1.485;1.001.215;105.156,0;10,50
Suwannee Valley Elec Coop Inc;FL;Cooperative;9;134.617;11.497,0;8,54
Talquin Electric Coop, Inc;FL;Cooperative;5;159.764;14.454,8;9,05
Tampa Electric Co;FL;Investor Owned;1.357;2.110.885;176.383,8;8,36
Tri-County Electric Coop, Inc (FL);FL;Cooperative;290;143.611;11.974,1;8,34
West Florida El Coop Assn, Inc;FL;Cooperative;1;113.013;7.511,7;6,65
Withlacoochee River Elec Coop;FL;Cooperative;922;159.526;15.079,7;9,45
Altamaha Electric Member Corp;GA;Cooperative;245;9.947;1.219,0;12,25
Canoochee Electric Member Corp;GA;Cooperative;815;68.993;6.895,6;9,99
Carroll Electric Member Corp - (GA);GA;Cooperative;36;274.266;18.364,0;6,70
Central Georgia El Member Corp;GA;Cooperative;98;302.664;21.802,0;7,20
City of Buford;GA;Municipal;17;114.240;11.249,3;9,85
City of Calhoun - (GA);GA;Municipal;19;255.869;22.170,3;8,66
City of Cartersville - (GA);GA;Municipal;4;274.568;18.189,0;6,62
City of Chattanooga - (TN);GA;Municipal;2;24.907;1.389,0;5,58
City of College Park - (GA);GA;Municipal;2;303.629;9.616,6;3,17
City of Covington - (GA);GA;Municipal;9;171.730;12.324,9;7,18
City of Griffin - (GA);GA;Municipal;23;92.042;8.716,0;9,47
City of La Grange - (GA);GA;Municipal;62;226.470;17.465,0;7,71
City of Lawrenceville - (GA);GA;Municipal;2;645;72,9;11,30
City of Sylvania - (GA);GA;Municipal;5;646.406;46.456,3;7,19
Coastal Electric Member Corp;GA;Cooperative;6;188.341;15.690,8;8,33
Cobb Electric Membership Corp;GA;Cooperative;63;148.442;10.808,3;7,28
Colquitt Electric Membership Corp;GA;Cooperative;3.326;324.388;34.567,3;10,66
Coweta-Fayette El Member Corp;GA;Cooperative;59;175.673;13.197,7;7,51
Crisp County Power Comm;GA;Political Subdivision;55;159.417;13.966,0;8,76
Dalton Utilities;GA;Municipal;223;1.889.243;86.018,0;4,55
Diverse Power Incorporated;GA;Cooperative;27;130.616;7.876,6;6,03
Excelsior Electric Member Corp;GA;Cooperative;397;29.797;3.880,8;13,02
Flint Electric Membership Corp;GA;Cooperative;765;182.057;16.769,7;9,21
Georgia Power Co;GA;Investor Owned;10.687;23.851.133;2.206.707,7;9,25
Grady Electric Membership Corp;GA;Cooperative;248;4.161;709,0;17,04
GreyStone Power Corporation;GA;Cooperative;83;461.051;34.043,0;7,38
Hart Electric Member Corp;GA;Cooperative;20;26.117;2.492,0;9,54
Irwin Electric Membership Corp;GA;Cooperative;1.500;39.826;5.844,0;14,67
Jackson Electric Member Corp - (GA);GA;Cooperative;236;786.236;58.109,8;7,39
Jefferson Electric Member Corp;GA;Cooperative;415;112.702;9.294,0;8,25
Newnan Wtr, Sewer & Light Comm;GA;Municipal;1;93.609;8.858,0;9,46
North Georgia Elec Member Corp;GA;Cooperative;31;199.632;14.751,0;7,39
Oconee Electric Member Corp;GA;Cooperative;10;68.828;5.143,8;7,47
Okefenoke Rural El Member Corp;GA;Cooperative;3;27.132;2.496,9;9,20
Planters Electric Member Corp;GA;Cooperative;701;23.485;3.449,5;14,69
Rayle Electric Membership Corp;GA;Cooperative;5;12.051;1.137,0;9,43
Satilla Rural Elec Member Corporation;GA;Cooperative;35;243.210;14.513,0;5,97
Sawnee Electric Membership Corporation;GA;Cooperative;99;223.032;16.503,0;7,40
Snapping Shoals El Member Corp;GA;Cooperative;45;210.887;14.268,6;6,77
Southern Rivers Energy;GA;Cooperative;10;24.371;2.411,0;9,89
Sumter Electric Member Corp;GA;Cooperative;10;30.078;3.170,3;10,54
Three Notch Elec Member Corp;GA;Cooperative;1.048;47.562;8.748,0;18,39
Tri-County Elec Member Corp (GA);GA;Cooperative;14;48.216;4.188,5;8,69
Walton Electric Member Corp;GA;Cooperative;64;312.834;24.199,8;7,74
Washington Elec Member Corp;GA;Cooperative;8;116.723;10.925,9;9,36
Hawaii Electric Light Co Inc;HI;Investor Owned;100;256.893;103.384,3;40,24
Hawaiian Electric Co Inc;HI;Investor Owned;451;2.680.899;964.171,9;35,96
Kauai Island Utility Cooperative;HI;Cooperative;124;149.893;53.635,1;35,78
Maui Electric Co Ltd;HI;Investor Owned;146;357.913;143.685,3;40,15
Access Energy Coop;IA;Cooperative;27;298.164;18.298,4;6,14
Amana Society Service Co;IA;Investor Owned;1;59.440;5.902,0;9,93
Board of Water Electric & Communications;IA;Municipal;14;624.453;37.832,5;6,06
Butler County Rural Elec Coop - (IA);IA;Cooperative;1.195;177.516;16.298,0;9,18
Cedar Falls Utilities;IA;Municipal;252;69.658;6.274,6;9,01
City of Ames - (IA);IA;Municipal;8;157.063;12.390,8;7,89
City of Independence - (IA);IA;Municipal;1;14.469;1.187,0;8,20
City of Maquoketa - (IA);IA;Municipal;2;13.055;1.361,0;10,43
Consumers Energy;IA;Cooperative;15;96.931;6.418,0;6,62
East-Central Iowa Rural Elec Coop;IA;Cooperative;6;30.606;2.303,0;7,52
Eastern Iowa Light & Power Coop;IA;Cooperative;16;195.822;14.078,7;7,19
Federated Rural Electric Assn;IA;Cooperative;4;94;13,0;13,83
Heartland Power Coop;IA;Cooperative;10;173.879;12.792,1;7,36
Interstate Power and Light Co;IA;Investor Owned;1.374;6.428.251;537.437,0;8,36
Iowa Lakes Electric Coop;IA;Cooperative;74;262.044;20.062,5;7,66
Linn County REC;IA;Cooperative;187;157.823;14.004,0;8,87
MiEnergy Cooperative;IA;Cooperative;5;66.731;5.754,1;8,62
MidAmerican Energy Co;IA;Investor Owned;1.577;15.729.635;999.020,5;6,35
Midland Power Coop;IA;Cooperative;23;209.513;15.879,0;7,58
North West Rural Electric Coop;IA;Cooperative;61;7.510;581,6;7,74
Prairie Energy Coop;IA;Cooperative;769;255.403;21.762,6;8,52
Avista Corp;ID;Investor Owned;370;1.183.285;55.146,0;4,66
City of Idaho Falls - (ID);ID;Municipal;6;71.510;3.835,4;5,36
Idaho Power Co;ID;Investor Owned;19.803;5.118.360;363.915,1;7,11
Inland Power & Light Company;ID;Cooperative;3;5;1,5;30,00
Kootenai Electric Cooperative;ID;Cooperative;41;28.202;1.847,4;6,55
Lower Valley Energy Inc;ID;Cooperative;44;48.258;2.410,0;4,99
Northern Lights, Inc;ID;Cooperative;5;30.278;1.661,0;5,49
PacifiCorp;ID;Investor Owned;5.749;2.350.150;170.271,8;7,25
Raft Rural Elec Coop Inc;ID;Cooperative;949;148.033;7.791,0;5,26
Salmon River Electric Coop Inc;ID;Cooperative;122;40.089;2.146,0;5,35
United Electric Co-op, Inc - (ID);ID;Cooperative;1.192;178.416;9.023,0;5,06
Ameren Illinois Company;IL;Investor Owned;290;570.152;57.322,8;10,05
City of Batavia - (IL);IL;Municipal;10;173.136;16.978,0;9,81
City of Geneva- (IL);IL;Municipal;20;156.680;12.969,0;8,28
City of Naperville - (IL);IL;Municipal;8;68.085;7.273,0;10,68
City of Peru - (IL);IL;Municipal;8;113.312;11.465,0;10,12
City of St Charles - (IL);IL;Municipal;37;195.544;19.409,7;9,93
Coles-Moultrie Electric Coop;IL;Cooperative;9;35.590;3.720,0;10,45
Commonwealth Edison Co;IL;Investor Owned;136;902.236;93.267,7;10,34
Corn Belt Energy Corporation;IL;Cooperative;3;70.286;4.928,0;7,01
Eastern Illinois Elec Coop;IL;Cooperative;15;18.284;2.167,0;11,85
Jo-Carroll Energy, Inc;IL;Cooperative;83;90.039;9.328,0;10,36
Menard Electric Coop;IL;Cooperative;1.290;54.842;7.271,7;13,26
MidAmerican Energy Co;IL;Investor Owned;45;739.453;39.611,8;5,36
Mt Carmel Public Utility Co;IL;Investor Owned;91;23.891;3.555,0;14,88
Norris Electric Coop;IL;Cooperative;12;13.713;3.861,0;28,16
Rochelle Municipal Utilities;IL;Municipal;45;234.429;27.466,0;11,72
Rock Energy Cooperative;IL;Cooperative;21;45.573;4.539,0;9,96
Shelby Electric Coop, Inc;IL;Cooperative;22;89.171;9.167,0;10,28
Southeastern IL Elec Coop, Inc;IL;Cooperative;28;335.975;30.257,0;9,01
Southwestern Electric Coop Inc - (IL);IL;Cooperative;7;12.645;4.134,9;32,70
Tri-County Electric Coop, Inc (IL);IL;Cooperative;49;109.637;9.899,1;9,03
Wayne-White Counties Elec Coop;IL;Cooperative;171;170.178;13.061,5;7,68
AGC Division of APGI Inc;IN;Investor Owned;2;2.280.383;121.625,0;5,33
Bartholomew County Rural E M C;IN;Cooperative;12;212.798;19.044,1;8,95
Carroll-White REMC;IN;Cooperative;1;100.314;8.056,0;8,03
City of Anderson - (IN);IN;Municipal;59;278.479;21.192,3;7,61
City of Auburn - (IN);IN;Municipal;166;325.462;36.220,5;11,13
City of Bluffton - (IN);IN;Municipal;39;202.770;16.281,0;8,03
City of Frankfort - (IN);IN;Municipal;56;231.168;18.290,0;7,91
City of Greenfield - (IN);IN;Municipal;13;153.200;13.123,0;8,57
City of Jasper - (IN);IN;Municipal;84;105.809;10.756,9;10,17
City of Lebanon - (IN);IN;Municipal;135;136.054;11.793,7;8,67
City of Logansport - (IN);IN;Municipal;61;248.756;19.268,6;7,75
City of Peru - (IN);IN;Municipal;12;68.753;6.254,0;9,10
City of Richmond - (IN);IN;Municipal;131;513.236;44.514,6;8,67
Clark County Rural E M C - (IN);IN;Cooperative;132;51.261;5.139,3;10,03
Crawfordsville Elec, Lgt & Pwr;IN;Municipal;81;238.464;22.590,9;9,47
Daviess Martin County R E M C;IN;Cooperative;2;244.386;17.013,0;6,96
Decatur County Rural E M C;IN;Cooperative;6;197.166;14.911,0;7,56
Dubois Rural Electric Coop Inc;IN;Cooperative;87;98.486;9.081,0;9,22
Duke Energy Indiana, LLC;IN;Investor Owned;2.669;9.534.797;955.897,2;10,03
Harrison County Rural E M C;IN;Cooperative;18;61.284;5.982,6;9,76
Heartland REMC;IN;Cooperative;7;251.250;21.141,0;8,41
Hendricks County Rural E M C;IN;Cooperative;4;43.367;3.485,4;8,04
Indiana Michigan Power Co;IN;Investor Owned;4.025;6.589.410;554.938,0;8,42
Indianapolis Power & Light Co;IN;Investor Owned;5.481;6.091.677;625.352,0;10,27
Jackson County Rural E M C - (IN);IN;Cooperative;22;41.848;3.828,0;9,15
Jasper County Rural E M C;IN;Cooperative;2;49.538;3.662,3;7,39
Johnson County Rural E M C;IN;Cooperative;31;92.678;7.738,8;8,35
Kankakee Valley Rural E M C;IN;Cooperative;11;23.811;2.418,8;10,16
Kosciusko County Rural E M C;IN;Cooperative;1.353;267.085;25.791,9;9,66
NineStar Connect;IN;Cooperative;27;26.021;2.973,0;11,43
Noble County R E M C;IN;Cooperative;138;54.465;5.308,5;9,75
Northeastern Rural E M C;IN;Cooperative;6;1.288.343;73.665,3;5,72
Northern Indiana Pub Serv Co;IN;Investor Owned;2.136;7.915.344;560.956,2;7,09
Paulding-Putman Elec Coop, Inc;IN;Cooperative;7;52.050;5.113,4;9,82
RushShelby Energy;IN;Cooperative;13;178.873;13.226,0;7,39
South Central Indiana REMC;IN;Cooperative;10;79.142;7.044,0;8,90
Southeastern Indiana R E M C;IN;Cooperative;10;93.872;7.514,0;8,00
Southern Indiana Gas & Elec Co;IN;Investor Owned;114;1.967.271;169.739,6;8,63
Southern Indiana R E C, Inc;IN;Cooperative;32;310.104;26.458,0;8,53
Tipmont Rural Elec Member Corp;IN;Cooperative;5;99.517;8.161,6;8,20
Utilities Dist-Western IN REMC;IN;Cooperative;17;38.704;3.511,1;9,07
Western Indiana Energy REMC;IN;Cooperative;39;315.320;27.920,5;8,85
Whitewater Valley Rural EMC;IN;Cooperative;7;44.926;3.664,0;8,16
Alfalfa Electric Coop, Inc;KS;Cooperative;7;9.489;963,0;10,15
CMS Electric Coop Inc;KS;Cooperative;86;99.846;9.150,9;9,17
City of Chanute;KS;Municipal;90;195.982;14.781,0;7,54
City of Coffeyville - (KS);KS;Municipal;10;616.227;44.473,8;7,22
City of Garden City;KS;Municipal;419;127.000;11.947,0;9,41
City of Kansas City - (KS);KS;Municipal;82;531.350;51.343,0;9,66
City of McPherson - (KS);KS;Municipal;19;872.152;49.246,3;5,65
City of Winfield - (KS);KS;Municipal;10;133.275;8.564,0;6,43
Empire District Electric Co;KS;Investor Owned;43;60.363;6.497,7;10,76
Evergy Kansas Central, Inc;KS;Investor Owned;1.166;2.049.707;187.361,1;9,14
Evergy Kansas South, Inc;KS;Investor Owned;3.193;3.608.580;277.290,9;7,68
Evergy Metro;KS;Investor Owned;854;255.804;24.985,4;9,77
FreeState Electric Coop;KS;Cooperative;10;22.975;2.126,0;9,25
Midwest Energy Inc;KS;Cooperative;7.095;793.088;68.083,9;8,58
Pioneer Electric Coop, Inc - (KS);KS;Cooperative;603;531.767;47.622,0;8,96
Prairie Land Electric Coop Inc;KS;Cooperative;2.342;174.350;17.779,8;10,20
Southern Pioneer Electric Company;KS;Cooperative;67;523.629;34.691,0;6,63
Tri-County Electric Coop, Inc (OK);KS;Cooperative;28;909;146,4;16,11
Victory Electric Coop Assn Inc;KS;Cooperative;2.331;382.370;33.604,0;8,79
WAPA-- Western Area Power Administration;KS;Federal;1;384;1,0;0,26
Western Coop Electric Assn Inc;KS;Cooperative;481;14.620;1.996,9;13,66
Wheatland Electric Coop, Inc;KS;Cooperative;1.242;92.116;10.023,5;10,88
Big Sandy Rural Elec Coop Corp;KY;Cooperative;9;17.029;1.632,0;9,58
Blue Grass Energy Coop Corp;KY;Cooperative;12;306.876;24.446,0;7,97
City of Bardstown - (KY);KY;Municipal;15;87.653;7.909,0;9,02
City of Benton - (KY);KY;Municipal;1;12.339;1.125,0;9,12
City of Berea Municipal Utility;KY;Municipal;58;40.744;2.930,6;7,19
City of Bowling Green - (KY);KY;Municipal;6;124.972;9.439,0;7,55
City of Frankfort - (KY);KY;Municipal;236;318.052;28.851,0;9,07
City of Franklin - (KY);KY;Municipal;4;63.044;4.515,0;7,16
City of Fulton - (KY);KY;Municipal;1;13.399;1.191,0;8,89
City of Glasgow - (KY);KY;Municipal;3;13.502;1.195,0;8,85
City of Hopkinsville;KY;Municipal;2;71.828;5.332,0;7,42
City of Mayfield Plant Board;KY;Municipal;2;8.624;951,0;11,03
City of Murray - (KY);KY;Municipal;2;37.025;2.691,0;7,27
City of Owensboro - (KY);KY;Municipal;74;311.457;28.731,3;9,22
City of Paducah - (KY);KY;Municipal;3;20.587;2.561,4;12,44
City of Russellville - (KY);KY;Municipal;4;40.061;3.446,0;8,60
Clark Energy Coop Inc - (KY);KY;Cooperative;1;11.102;1.154,0;10,39
Cumberland Valley Electric, Inc.;KY;Cooperative;72;84.495;8.184,0;9,69
Duke Energy Kentucky;KY;Investor Owned;336;755.019;72.940,9;9,66
Farmers Rural Electric Coop Corp - (KY);KY;Cooperative;6;98.439;9.313,0;9,46
Fleming-Mason Energy Coop Inc;KY;Cooperative;6;569.911;42.132,0;7,39
Gibson Electric Members Corp;KY;Cooperative;1;13.975;928,0;6,64
Grayson Rural Electric Coop Corp;KY;Cooperative;2;29.611;2.276,0;7,69
Henderson City Utility Comm;KY;Municipal;35;308.798;17.806,9;5,77
Inter County Energy Coop Corp;KY;Cooperative;10;179.701;13.242,0;7,37
Jackson Energy Coop Corp - (KY);KY;Cooperative;9;95.798;8.482,9;8,85
Jackson Purchase Energy Corporation;KY;Cooperative;11;45.753;4.951,5;10,82
Kenergy Corp;KY;Cooperative;28;5.904.880;477.784,0;8,09
Kentucky Power Co;KY;Investor Owned;1.049;2.068.484;183.906,0;8,89
Kentucky Utilities Co;KY;Investor Owned;1.674;6.135.244;452.554,1;7,38
Licking Valley Rural E C C;KY;Cooperative;7;11.687;1.170,0;10,01
Louisville Gas & Electric Co;KY;Investor Owned;548;2.440.382;183.287,0;7,51
Nolin Rural Electric Coop Corp;KY;Cooperative;2;123.697;8.966,0;7,25
Owen Electric Coop Inc;KY;Cooperative;37;1.479.458;92.602,0;6,26
Pennyrile Rural Electric Coop;KY;Cooperative;27;348.742;26.256,0;7,53
Salt River Electric Coop Corp;KY;Cooperative;22;239.151;20.114,0;8,41
Shelby Energy Co-op, Inc;KY;Cooperative;12;138.592;11.865,0;8,56
South Kentucky Rural E C C;KY;Cooperative;657;376.428;38.341,9;10,19
Taylor County Rural E C C;KY;Cooperative;11;119.378;8.669,0;7,26
Tennessee Valley Authority;KY;Federal;10;4.258.166;209.364,4;4,92
Tri-County Elec Member Corp (TN);KY;Cooperative;4;71.310;5.185,0;7,27
Warren Rural Elec Coop Corp;KY;Cooperative;45;876.535;65.104,0;7,43
West Kentucky Rural E C C;KY;Cooperative;4;202.195;9.977,0;4,93
Beauregard Electric Coop, Inc;LA;Cooperative;4;715.595;46.115,0;6,44
City of Alexandria - (LA);LA;Municipal;7;5.250;509,0;9,70
City of Natchitoches;LA;Municipal;5;78.121;6.692,3;8,57
City of Ruston - (LA);LA;Municipal;16;11.461;667,0;5,82
Claiborne Electric Coop, Inc;LA;Cooperative;98;223.370;21.530,0;9,64
Cleco Power LLC;LA;Investor Owned;539;2.281.879;229.634,0;10,06
Concordia Electric Coop, Inc;LA;Cooperative;167;5.750;1.106,0;19,23
Dixie Electric Membership Corp;LA;Cooperative;535;279.499;36.885,8;13,20
Entergy Louisiana LLC;LA;Investor Owned;11.656;31.736.415;2.275.977,8;7,17
Entergy New Orleans, LLC;LA;Investor Owned;1.608;408.527;36.364,2;8,90
Jefferson Davis Elec Coop, Inc;LA;Cooperative;59;63.833;6.248,0;9,79
Northeast Louisiana Power Coop Inc.;LA;Cooperative;2.677;14.983;2.527,0;16,87
Panola-Harrison Elec Coop, Inc;LA;Cooperative;7;26.641;3.271,3;12,28
Pointe Coupee Elec Member Corp;LA;Cooperative;7;51.875;5.262,0;10,14
South Louisiana Elec Coop Assn;LA;Cooperative;11;57.071;6.112,0;10,71
Southwest Louisiana E M C;LA;Cooperative;25;278.055;25.518,3;9,18
Southwestern Electric Power Co;LA;Investor Owned;2.039;1.190.888;108.336,7;9,10
Vinton Public Power Authority;LA;Political Subdivision;3;2.575.202;197.775,5;7,68
Washington-St Tammany E C, Inc;LA;Cooperative;1;5.231;626,2;11,97
City of Chicopee - (MA);MA;Municipal;35;112.343;16.105,8;14,34
City of Holyoke - (MA);MA;Municipal;22;47.036;4.947,0;10,52
City of Norwood - (MA);MA;Municipal;45;124.093;19.583,0;15,78
City of Peabody - (MA);MA;Municipal;1.872;262.022;35.119,2;13,40
City of Taunton;MA;Municipal;400;213.772;30.781,0;14,40
City of Westfield - (MA);MA;Municipal;65;122.803;19.405,2;15,80
Fitchburg Gas & Elec Light Co;MA;Investor Owned;5;17.144;3.586,1;20,92
Massachusetts Electric Co;MA;Investor Owned;1.180;151.323;36.248,5;23,95
NSTAR Electric Company;MA;Investor Owned;639;107.164;34.605,0;32,29
Nantucket Electric Co;MA;Investor Owned;1;108;29,8;27,59
Town of Braintree - (MA);MA;Municipal;5;18.124;2.570,0;14,18
Town of Danvers;MA;Municipal;345;164.529;21.265,0;12,92
Town of Hudson - (MA);MA;Municipal;163;73.583;10.006,0;13,60
Town of Littleton - (MA);MA;Municipal;49;112.857;16.857,7;14,94
Town of Mansfield - (MA);MA;Municipal;269;124.440;17.340,9;13,94
Town of Middleborough - (MA);MA;Municipal;17;43.702;5.602,0;12,82
Town of North Attleborough - (MA);MA;Municipal;152;82.388;11.853,5;14,39
Town of Shrewsbury - (MA);MA;Municipal;124;93.414;10.610,0;11,36
Town of Sterling - (MA);MA;Municipal;92;19.204;2.926,0;15,24
Town of Wellesley - (MA);MA;Municipal;5;43.569;5.713,7;13,11
Baltimore Gas & Electric Co;MD;Investor Owned;3.638;137.506;22.568,2;16,41
Choptank Electric Cooperative, Inc;MD;Cooperative;161;126.698;13.076,0;10,32
Constellation Solar Holding, LLC;MD;Behind the Meter;2;1.598;234,2;14,66
Delmarva Power;MD;Investor Owned;57;9.958;1.311,5;13,17
Hagerstown Light Department;MD;Municipal;47;60.562;4.334,9;7,16
Potomac Electric Power Co;MD;Investor Owned;1;619;111,6;18,03
The Potomac Edison Company;MD;Investor Owned;1.104;84.110;13.443,0;15,98
Central Maine Power Co;ME;Investor Owned;1.161;93.090;18.205,0;19,56
Eastern Maine Electric Coop;ME;Cooperative;29;13.880;1.785,3;12,86
Houlton Water Company;ME;Municipal;77;23.074;2.187,7;9,48
Town of Madison - (ME);ME;Municipal;14;3.893;492,0;12,64
Versant Power;ME;Investor Owned;39;63.523;5.854,6;9,22
Alger-Delta Coop Electric Assn;MI;Cooperative;1;34.280;4.332,9;12,64
Alpena Power Co;MI;Investor Owned;3;164.109;14.865,5;9,06
Cherryland Electric Coop Inc;MI;Cooperative;129;1.981;273,1;13,79
City of Bay City - (MI);MI;Municipal;137;53.404;6.744,7;12,63
City of Grand Haven - (MI);MI;Municipal;128;110.835;11.927,0;10,76
City of Holland;MI;Municipal;175;597.237;43.241,0;7,24
City of Lansing - (MI);MI;Municipal;246;347.248;39.882,0;11,49
City of Sturgis;MI;Municipal;63;116.480;12.151,4;10,43
City of Traverse City - (MI);MI;Municipal;40;126.985;10.370,0;8,17
City of Zeeland - (MI);MI;Municipal;115;319.407;24.520,8;7,68
Cloverland Electric Co-op;MI;Cooperative;8;146.126;13.103,1;8,97
Coldwater Board of Public Util;MI;Municipal;65;373.990;33.164,0;8,87
Consumers Energy Co;MI;Investor Owned;1.304;8.455.125;735.644,6;8,70
DTE Electric Company;MI;Investor Owned;711;8.548.188;658.926,5;7,71
Great Lakes Energy Coop;MI;Cooperative;304;531.883;46.171,2;8,68
Indiana Michigan Power Co;MI;Investor Owned;771;676.252;71.104,0;10,51
Northern States Power Co;MI;Investor Owned;2;30.636;2.427,6;7,92
Presque Isle Elec & Gas Coop;MI;Cooperative;583;23.507;2.936,5;12,49
Tri-County Electric Coop (MI);MI;Cooperative;205;96.533;10.084,9;10,45
Upper Michigan Energy Resources Corp.;MI;Investor Owned;37;1.337.704;118.919,1;8,89
Upper Peninsula Power Company;MI;Investor Owned;41;326.657;24.657,7;7,55
Wyandotte Municipal Serv Comm;MI;Municipal;2;127.734;10.985,9;8,60
ALLETE, Inc.;MN;Investor Owned;375;6.045.708;540.716,5;8,94
Agralite Electric Coop;MN;Cooperative;595;78.388;7.106,8;9,07
BENCO Electric Cooperative;MN;Cooperative;17;61.055;5.916,0;9,69
Beltrami Electric Coop, Inc;MN;Cooperative;18;53;18,0;33,96
City of Alexandria - (MN);MN;Municipal;217;174.761;13.990,6;8,01
City of Anoka;MN;Municipal;19;112.561;13.571,0;12,06
City of Austin - (MN);MN;Municipal;1;130.098;10.743,0;8,26
City of Chaska - (MN);MN;Municipal;108;133.002;17.060,9;12,83
City of Elk River;MN;Municipal;231;199.349;22.168,0;11,12
City of Marshall - (MN);MN;Municipal;105;372.504;22.167,0;5,95
City of Moorhead - (MN);MN;Municipal;372;212.310;17.109,2;8,06
City of Owatonna - (MN);MN;Municipal;67;260.057;22.372,4;8,60
City of Worthington - (MN);MN;Municipal;7;121.538;9.899,0;8,14
Connexus Energy;MN;Cooperative;422;177.415;14.917,4;8,41
Crow Wing Cooperative Power & Light Comp;MN;Cooperative;214;110.470;10.018,0;9,07
Dakota Electric Association;MN;Cooperative;396;14.350;1.470,0;10,24
East Central Energy;MN;Cooperative;179;120.297;9.525,9;7,92
Federated Rural Electric Assn;MN;Cooperative;4;260.798;19.242,0;7,38
Freeborn Mower Electric Cooperative;MN;Cooperative;31;155.898;13.820,0;8,86
Hutchinson Utilities Comm;MN;Municipal;3;112.228;8.991,0;8,01
Itasca-Mantrap Co-op Electrical Assn;MN;Cooperative;390;146.293;12.909,5;8,82
Lake Country Power;MN;Cooperative;3;113.936;9.642,6;8,46
Lake Region Electric Cooperative - (MN);MN;Cooperative;710;17.305;1.712,2;9,89
Meeker Coop Light & Power Assn;MN;Cooperative;126;31.587;2.544,1;8,05
MiEnergy Cooperative;MN;Cooperative;15;71.458;5.237,6;7,33
Mille Lacs Energy Cooperative;MN;Cooperative;115;35.275;4.211,9;11,94
Minnesota Valley Coop L&P Assn;MN;Cooperative;37;70.508;5.767,5;8,18
Northern States Power Co - Minnesota;MN;Investor Owned;490;7.241.299;743.149,3;10,26
Otter Tail Power Co;MN;Investor Owned;12;1.151.613;69.571,9;6,04
People's Cooperative Services;MN;Cooperative;45;52.746;5.715,9;10,84
Rochester Public Utilities;MN;Municipal;1;75.378;8.680,5;11,52
Runestone Electric Assn;MN;Cooperative;273;17.523;1.658,0;9,46
Shakopee Public Utilities Comm;MN;Municipal;588;286.020;34.224,0;11,97
Sioux Valley SW Elec Coop;MN;Cooperative;119;44.576;4.423,9;9,92
South Central Electric Assn;MN;Cooperative;13;95.016;7.494,0;7,89
Stearns Cooperative Elec Assn;MN;Cooperative;573;48.980;4.184,1;8,54
Steele-Waseca Cooperative Electric;MN;Cooperative;46;115.080;10.797,5;9,38
Wild Rice Electric Coop, Inc;MN;Cooperative;3;9.970;843,3;8,46
Willmar Municipal Utilities;MN;Municipal;17;95.953;8.293,0;8,64
Wright-Hennepin Coop Elec Assn;MN;Cooperative;107;51.568;5.128,1;9,94
Black River Electric Coop - (MO);MO;Cooperative;3;23.098;1.739,0;7,53
Boone Electric Coop;MO;Cooperative;7;48.964;4.483,0;9,16
Central Missouri Elec Coop Inc;MO;Cooperative;2;118.681;7.688,7;6,48
Citizens Electric Corporation - (MO);MO;Cooperative;110;1.269.536;96.681,7;7,62
City Utilities of Springfield - (MO);MO;Municipal;236;477.258;35.292,0;7,39
City of Carthage - (MO);MO;Municipal;30;135.969;12.377,0;9,10
City of Columbia - (MO);MO;Municipal;30;277.887;23.650,0;8,51
City of Farmington - (MO);MO;Municipal;164;86.481;8.283,7;9,58
City of Hannibal - (MO);MO;Municipal;94;127.543;10.608,9;8,32
City of Independence - (MO);MO;Municipal;13;68.403;6.678,9;9,76
City of Kirkwood - (MO);MO;Municipal;1;6.605;886,0;13,41
City of Lebanon - (MO);MO;Municipal;47;115.368;10.209,0;8,85
City of Monett - (MO);MO;Municipal;38;118.126;11.351,7;9,61
City of Poplar Bluff - (MO);MO;Municipal;13;68.365;4.749,0;6,95
City of Rolla - (MO);MO;Municipal;107;148.165;11.314,0;7,64
City of Sikeston - (MO);MO;Municipal;17;100.234;6.636,0;6,62
Co-Mo Electric Coop Inc;MO;Cooperative;1;12.084;941,0;7,79
Consolidated Electric Coop;MO;Cooperative;82;87.264;7.518,1;8,62
Crawford Electric Coop, Inc;MO;Cooperative;3;3.338;259,3;7,77
Cuivre River Electric Coop Inc;MO;Cooperative;262;246.950;18.654,6;7,55
Empire District Electric Co;MO;Investor Owned;269;1.065.275;98.708,7;9,27
Evergy Metro;MO;Investor Owned;903;1.445.614;99.616,0;6,89
Evergy Missouri West;MO;Investor Owned;234;1.422.317;94.731,0;6,66
Farmers Electric Coop, Inc - (MO);MO;Cooperative;9;89.643;6.018,9;6,71
Gascosage Electric Coop;MO;Cooperative;2;28.470;2.014,0;7,07
Howell-Oregon Elec Coop, Inc;MO;Cooperative;117;47.486;4.244,2;8,94
Intercounty Electric Coop Assn;MO;Cooperative;14;41.690;2.813,3;6,75
Laclede Electric Coop, Inc;MO;Cooperative;14;23.549;2.127,0;9,03
Macon Electric Coop;MO;Cooperative;2;84.593;5.164,4;6,10
Missouri Rural Electric Coop;MO;Cooperative;11;125.620;7.802,0;6,21
New-Mac Electric Coop, Inc;MO;Cooperative;4;52.670;3.548,0;6,74
Ozark Border Electric Coop;MO;Cooperative;13;27.517;2.162,0;7,86
Ozark Electric Coop Inc - (MO);MO;Cooperative;1;10.979;881,2;8,03
Platte-Clay Electric Coop, Inc;MO;Cooperative;8;56.615;5.981,0;10,56
SEMO Electric Cooperative;MO;Cooperative;16;94.417;7.771,4;8,23
Three Rivers Electric Coop;MO;Cooperative;13;34.597;2.823,0;8,16
Union Electric Co - (MO);MO;Investor Owned;3.630;4.089.439;289.642,0;7,08
White River Valley El Coop Inc;MO;Cooperative;9;58.099;5.355,0;9,22
4-County Electric Power Assn;MS;Cooperative;8;192.222;14.086,0;7,33
Alcorn County Elec Power Assn;MS;Cooperative;6;212.412;12.708,0;5,98
Central Electric Power Assn - (MS);MS;Cooperative;8;218.914;15.504,0;7,08
City of Aberdeen - (MS);MS;Municipal;2;129.598;7.847,0;6,05
City of Amory;MS;Municipal;3;38.213;3.317,0;8,68
City of Columbus - (MS);MS;Municipal;3;17.975;1.782,0;9,91
City of Holly Springs;MS;Municipal;2;11.944;1.274,0;10,67
City of Macon - (MS);MS;Municipal;1;1.420;273,0;19,23
City of New Albany - (MS);MS;Municipal;4;98.542;6.736,0;6,84
City of Philadelphia - (MS);MS;Municipal;1;4.473;470,0;10,51
City of Starkville;MS;Municipal;3;28.393;2.284,0;8,04
City of Tupelo - (MS);MS;Municipal;3;144.542;8.683,0;6,01
City of Water Valley - (MS);MS;Municipal;1;26.525;1.481,0;5,58
City of West Point - (MS);MS;Municipal;1;15.950;1.257,0;7,88
Coast Electric Power Assn;MS;Cooperative;9;228.004;14.965,0;6,56
Delta Electric Power Assn;MS;Cooperative;4.331;195.575;24.919,9;12,74
Dixie Electric Power Assn;MS;Cooperative;23;95.675;8.786,1;9,18
Entergy Mississippi LLC;MS;Investor Owned;4.021;2.352.058;182.270,1;7,75
Greenwood Utilities Comm;MS;Municipal;8;46.432;4.260,4;9,18
Louisville Electric System;MS;Municipal;3;46.034;2.832,0;6,15
Magnolia Electric Power Assn;MS;Cooperative;13;148.247;11.313,0;7,63
Mississippi Power Co;MS;Investor Owned;436;4.686.402;330.529,0;7,05
Natchez Trace Elec Power Assn;MS;Cooperative;4;23.968;2.683,0;11,19
North East Mississippi EPA;MS;Cooperative;4;70.609;5.640,0;7,99
Northcentral Mississippi E P A;MS;Cooperative;12;223.540;15.659,0;7,01
Pearl River Valley El Pwr Assn;MS;Cooperative;28;125.237;11.236,0;8,97
Pontotoc Electric Power Assn;MS;Cooperative;3;49.156;3.982,0;8,10
Prentiss County Elec Pwr Assn;MS;Cooperative;8;71.504;5.905,0;8,26
Singing River Elec Cooperative;MS;Cooperative;15;76.839;6.812,8;8,87
Southern Pine Electric Cooperative;MS;Cooperative;47;738.307;60.080,1;8,14
Southwest Mississippi E P A;MS;Cooperative;13;107.695;9.634,9;8,95
Tallahatchie Valley E P A;MS;Cooperative;7;99.380;8.176,0;8,23
Tennessee Valley Authority;MS;Federal;6;4.506.692;205.322,9;4,56
Tippah Electric Power Assn;MS;Cooperative;8;80.549;7.554,0;9,38
Tishomingo County E P A;MS;Cooperative;5;35.142;2.898,0;8,25
Tombigbee Electric Power Assn;MS;Cooperative;20;228.860;18.685,0;8,16
Yazoo Valley Elec Power Assn;MS;Cooperative;10;447.014;30.843,0;6,90
Black Hills Power, Inc.;MT;Investor Owned;4;153.426;9.858,0;6,43
Fergus Electric Coop, Inc;MT;Cooperative;152;3.973;574,0;14,45
Flathead Electric Coop Inc;MT;Cooperative;96;209.114;11.852,0;5,67
Lower Yellowstone R E A, Inc;MT;Cooperative;960;154.646;16.393,0;10,60
McKenzie Electric Coop Inc;MT;Cooperative;79;132;33,7;25,53
Missoula Electric Coop, Inc;MT;Cooperative;271;18.643;1.591,7;8,54
Montana-Dakota Utilities Co;MT;Investor Owned;120;297.373;20.842,0;7,01
NorthWestern Energy LLC - (MT);MT;Investor Owned;2.059;403.742;37.996,0;9,41
Northern Lights, Inc;MT;Cooperative;7;5.191;444,0;8,55
Powder River Energy Corp;MT;Cooperative;104;76.105;5.315,6;6,98
USBIA-Mission Valley Power;MT;Federal;1.093;18.446;964,9;5,23
WAPA-- Western Area Power Administration;MT;Federal;8;31.830;174,5;0,55
Yellowstone Valley Elec Co-op;MT;Cooperative;239;8.640;1.003,0;11,61
Albemarle Electric Member Corp;NC;Cooperative;22;6.818;564,0;8,27
Blue Ridge Elec Member Corp - (NC);NC;Cooperative;7;100.125;7.114,0;7,11
Blue Ridge Mountain EMC - (GA);NC;Cooperative;1;25.996;1.645,0;6,33
Central Electric Membership Corp. - (NC);NC;Cooperative;14;45.953;3.407,5;7,42
City of Albemarle - (NC);NC;Municipal;12;23.810;1.992,6;8,37
City of Concord - (NC);NC;Municipal;63;158.069;13.517,1;8,55
City of Gastonia - (NC);NC;Municipal;88;115.199;9.116,0;7,91
City of Kinston - (NC);NC;Municipal;12;175.696;14.310,1;8,14
City of Lexington - (NC);NC;Municipal;26;26.058;2.490,8;9,56
City of Lumberton - (NC);NC;Municipal;7;28.900;2.667,3;9,23
City of Monroe - (NC);NC;Municipal;113;400.019;26.341,9;6,59
City of Morganton - (NC);NC;Municipal;40;147.889;10.739,2;7,26
City of New Bern - (NC);NC;Municipal;4;17.977;1.381,9;7,69
City of Rocky Mount - (NC);NC;Municipal;33;139.402;11.179,0;8,02
City of Statesville - (NC);NC;Municipal;39;128.330;9.967,7;7,77
City of Washington - (NC);NC;Municipal;5;21.654;2.351,1;10,86
City of Wilson;NC;Municipal;43;511.309;38.348,5;7,50
Duke Energy Carolinas, LLC;NC;Investor Owned;4.545;12.449.648;732.728,3;5,89
Duke Energy Progress - (NC);NC;Investor Owned;2.879;8.170.735;585.291,1;7,16
Edgecombe-Martin County E M C;NC;Cooperative;13;22.269;1.515,0;6,80
EnergyUnited Elec Member Corp;NC;Cooperative;33;402.480;23.223,0;5,77
Fayetteville Public Works Commission;NC;Municipal;34;403.899;26.333,0;6,52
Four County Elec Member Corp;NC;Cooperative;7;306.533;19.052,0;6,22
French Broad Elec Member Corp;NC;Cooperative;5;102.602;7.551,1;7,36
Greenville Utilities Comm;NC;Municipal;503;305.247;21.458,3;7,03
Haywood Electric Member Corp;NC;Cooperative;21;8.120;799,0;9,84
Jones-Onslow Elec Member Corp;NC;Cooperative;4;34.468;2.952,2;8,57
Lumbee River Elec Member Corp;NC;Cooperative;16;159.328;12.671,2;7,95
Pee Dee Electric Member Corp;NC;Cooperative;5;16.947;1.431,9;8,45
Piedmont Electric Member Corp;NC;Cooperative;1;6.268;595,1;9,49
Randolph Electric Member Corp;NC;Cooperative;6;19.953;1.704,5;8,54
Roanoke Electric Member Corp;NC;Cooperative;9;34.244;2.900,0;8,47
Rutherford Elec Member Corp;NC;Cooperative;30;206.224;14.018,0;6,80
South River Elec Member Corp;NC;Cooperative;2;9.991;712,0;7,13
Surry-Yadkin Elec Member Corp;NC;Cooperative;2;2.579;330,7;12,82
Tideland Electric Member Corp;NC;Cooperative;10;21.158;1.831,0;8,65
Town of High Point;NC;Municipal;190;163.164;14.484,7;8,88
Town of Huntersville - (NC);NC;Municipal;2;130.138;8.491,0;6,52
Town of Murphy - (NC);NC;Municipal;4;391.637;18.837,0;4,81
Town of Tarboro - (NC);NC;Municipal;13;90.192;7.556,0;8,38
Tri-County Elec Member Corp (NC);NC;Cooperative;3;90.037;6.964,5;7,74
Union Electric Membership Corp - (NC);NC;Cooperative;1;929;75,0;8,07
Virginia Electric & Power Co;NC;Investor Owned;47;1.511.043;95.007,5;6,29
Wake Electric Membership Corp;NC;Cooperative;3;49.404;2.485,0;5,03
Basin Electric Power Coop;ND;Cooperative;1;1.118.894;65.486,0;5,85
Capital Electric Coop, Inc;ND;Cooperative;59;1.663;254,4;15,30
Cass County Elec Coop Inc;ND;Cooperative;611;208.877;20.784,0;9,95
Dakota Valley Elec Coop Inc;ND;Cooperative;708;543.268;41.470,2;7,63
Lower Yellowstone R E A, Inc;ND;Cooperative;172;79.417;8.323,0;10,48
McKenzie Electric Coop Inc;ND;Cooperative;1.100;3.623.155;233.213,8;6,44
McLean Electric Coop, Inc;ND;Cooperative;95;53.381;4.154,0;7,78
Montana-Dakota Utilities Co;ND;Investor Owned;88;289.552;21.218,0;7,33
Mountrail-Williams Elec Coop;ND;Cooperative;4.755;3.820.903;299.753,1;7,85
Nodak Electric Coop Inc;ND;Cooperative;522;762.707;59.481,0;7,80
North Central Elec Coop, Inc;ND;Cooperative;5;13.146;1.039,9;7,91
Northern Plains Electric Coop;ND;Cooperative;179;116.323;10.109,0;8,69
Northern States Power Co - Minnesota;ND;Investor Owned;24;350.501;32.365,9;9,23
Otter Tail Power Co;ND;Investor Owned;2;3.925;380,8;9,70
Roughrider Electric Cooperativ;ND;Cooperative;75;252.349;21.489,0;8,52
Slope Electric Coop Inc;ND;Cooperative;300;222.415;14.478,0;6,51
Verendrye Electric Coop Inc;ND;Cooperative;70;203.923;13.751,0;6,74
WAPA-- Western Area Power Administration;ND;Federal;6;6.526;89,6;1,37
Cedar-Knox Public Power Dist;NE;Political Subdivision;1.306;59.007;5.962,0;10,10
City of Fremont - (NE);NE;Municipal;547;291.263;24.924,0;8,56
City of Grand Island - (NE);NE;Municipal;95;307.838;24.458,0;7,95
City of Hastings - (NE);NE;Municipal;112;209.470;13.854,0;6,61
City of Lexington - (NE);NE;Municipal;8;137.438;9.206,5;6,70
City of North Platte;NE;Municipal;4;36.734;1.835,0;5,00
Cornhusker Public Power Dist;NE;Political Subdivision;2.421;227.580;18.355,2;8,07
Dawson Power District;NE;Political Subdivision;5.812;90.045;5.688,6;6,32
Elkhorn Rural Public Pwr Dist;NE;Political Subdivision;3.147;203.420;18.911,0;9,30
High West Energy, Inc;NE;Cooperative;1.154;85.389;10.145,0;11,88
Highline Electric Assn;NE;Cooperative;1.046;80.013;9.868,9;12,33
Lincoln Electric System;NE;Municipal;231;455.300;30.299,8;6,65
Loup River Public Power Dist;NE;Political Subdivision;588;657.046;42.783,9;6,51
Midwest Electric Member Corp;NE;Cooperative;2.161;247.754;25.918,2;10,46
Nebraska Public Power District;NE;Political Subdivision;60;2.059.935;83.366,0;4,05
Norris Public Power District;NE;Political Subdivision;2.823;626.197;41.567,3;6,64
Northeast Power;NE;Political Subdivision;698;33.571;3.354,0;9,99
Omaha Public Power District;NE;Political Subdivision;135;4.326.273;294.765,0;6,81
Perennial Public Power Dist;NE;Political Subdivision;2.803;268.546;19.456,0;7,24
Southern Public Power District;NE;Political Subdivision;9.710;799.033;51.289,6;6,42
Southwest Public Power Dist;NE;Political Subdivision;1.407;160.435;15.109,0;9,42
WAPA-- Western Area Power Administration;NE;Federal;2;4.503;30,4;0,68
Y-W Electric Assn Inc;NE;Cooperative;72;5.337;814,0;15,25
Liberty Utilities (Granite State Electri;NH;Investor Owned;134;12.370;2.539,3;20,53
New Hampshire Elec Coop Inc;NH;Cooperative;14;34.197;6.980,0;20,41
Public Service Co of NH;NH;Investor Owned;1.688;88.629;19.260,9;21,73
Unitil Energy Systems;NH;Investor Owned;38;52.853;9.867,0;18,67
Atlantic City Electric Co;NJ;Investor Owned;336;131.871;16.402,5;12,44
City of Vineland - (NJ);NJ;Municipal;60;241.389;29.311,1;12,14
Jersey Central Power & Lt Co;NJ;Investor Owned;1.223;245.540;33.531,9;13,66
Public Service Elec & Gas Co;NJ;Investor Owned;6.785;1.289.825;120.212,8;9,32
Rockland Electric Co;NJ;Investor Owned;12;7.623;1.220,7;16,01
Central New Mexico El Coop, Inc;NM;Cooperative;275;70.575;5.120,0;7,25
Central Valley Elec Coop, Inc;NM;Cooperative;4.282;700.156;71.547,8;10,22
City of Farmington - (NM);NM;Municipal;7;304.758;19.844,0;6,51
Continental Divide El Coop Inc;NM;Cooperative;5;321.363;20.028,0;6,23
El Paso Electric Co;NM;Investor Owned;9;75.064;6.350,0;8,46
Farmers Electric Coop, Inc - (NM);NM;Cooperative;1.531;179.260;18.302,5;10,21
Jemez Mountains Elec Coop, Inc;NM;Cooperative;9;20.931;2.361,9;11,28
Kit Carson Electric Coop, Inc;NM;Cooperative;10;18.166;2.169,2;11,94
Lea County Electric Coop, Inc;NM;Cooperative;13;286.103;21.091,0;7,37
Los Alamos County;NM;Municipal;1;382.965;24.303,7;6,35
Navajo Tribal Utility Authority;NM;State;142;1.809;475,0;26,26
Navopache Electric Coop, Inc;NM;Cooperative;11;416;67,0;16,11
Public Service Co of NM;NM;Investor Owned;196;2.324.194;130.110,9;5,60
Rio Grande Electric Coop, Inc;NM;Cooperative;16;427;52,4;12,27
Roosevelt County Elec Coop Inc;NM;Cooperative;1.561;101.264;12.726,0;12,57
Southwestern Electric Coop Inc - (NM);NM;Cooperative;513;286.680;22.234,0;7,76
Southwestern Public Service Co;NM;Investor Owned;143;5.357.152;323.744,4;6,04
Springer Electric Coop, Inc;NM;Cooperative;5;191.808;13.705,0;7,15
WAPA-- Western Area Power Administration;NM;Federal;1;72.277;1.867,1;2,58
City of Boulder City - (NV);NV;Municipal;6;917;117,0;12,76
Mt Wheeler Power, Inc;NV;Cooperative;484;442.337;28.859,2;6,52
Nevada Power Co;NV;Investor Owned;1.556;5.687.160;540.210,2;9,50
Overton Power District No 5;NV;Political Subdivision;50;75.610;6.790,0;8,98
Raft Rural Elec Coop Inc;NV;Cooperative;51;4.396;229,0;5,21
Sierra Pacific Power Co;NV;Investor Owned;109;2.866.782;230.326,5;8,03
Surprise Valley Electrification;NV;Cooperative;1;26;2,3;8,85
Valley Electric Assn, Inc;NV;Cooperative;194;31.526;3.095,6;9,82
Wells Rural Electric Co;NV;Cooperative;165;608.508;30.700,8;5,05
Central Hudson Gas & Elec Corp;NY;Investor Owned;749;65.913;10.853,0;16,47
City of Plattsburgh - (NY);NY;Municipal;8;251.152;8.509,0;3,39
Consolidated Edison Co-NY Inc;NY;Investor Owned;50;60.509;13.590,0;22,46
Jamestown Board of Public Util;NY;Municipal;113;99.961;6.868,7;6,87
New York State Elec & Gas Corp;NY;Investor Owned;578;108.707;13.947,0;12,83
Niagara Mohawk Power Corp.;NY;Investor Owned;602;824.460;77.046,5;9,35
Orange & Rockland Utils Inc;NY;Investor Owned;41;61.862;4.822,9;7,80
Rochester Gas & Electric Corp;NY;Investor Owned;222;36.897;6.140,7;16,64
Town of Massena - (NY);NY;Municipal;165;76.816;3.951,4;5,14
Village of Fairport - (NY);NY;Municipal;12;86.490;3.644,4;4,21
Village of Solvay - (NY);NY;Municipal;16;532.546;21.608,8;4,06
Buckeye Rural Elec Coop, Inc;OH;Cooperative;168;10.371;1.424,9;13,74
Butler Rural Electric Coop Inc - (OH);OH;Cooperative;8;15.389;1.718,0;11,16
City of Bowling Green - (OH);OH;Municipal;75;342.317;36.635,0;10,70
City of Celina - (OH);OH;Municipal;14;95.004;6.542,0;6,89
City of Cleveland - (OH);OH;Municipal;23;555.517;51.000,9;9,18
City of Columbus - (OH);OH;Municipal;428;632.374;62.575,8;9,90
City of Cuyahoga Falls - (OH);OH;Municipal;201;166.334;18.380,2;11,05
City of Dover - (OH);OH;Municipal;112;132.793;15.393,0;11,59
City of Hamilton - (OH);OH;Municipal;67;80.239;9.259,6;11,54
City of Lebanon - (OH);OH;Municipal;483;248.585;20.403,0;8,21
City of Niles - (OH);OH;Municipal;19;44.087;3.502,0;7,94
City of Orrville - (OH);OH;Municipal;14;153.887;14.501,0;9,42
City of Painesville;OH;Municipal;5;42.349;4.382,4;10,35
City of Piqua - (OH);OH;Municipal;17;115.096;10.115,3;8,79
City of St Marys - (OH);OH;Municipal;13;121.874;11.161,4;9,16
City of Wadsworth - (OH);OH;Municipal;140;75.347;5.358,0;7,11
City of Wapakoneta - (OH);OH;Municipal;14;64.679;6.190,0;9,57
City of Westerville - (OH);OH;Municipal;16;87.704;7.323,0;8,35
Cleveland Electric Illum Co;OH;Investor Owned;126;1.225.532;75.005,7;6,12
Clyde Light & Power;OH;Municipal;10;134.808;11.785,0;8,74
Consolidated Cooperative;OH;Cooperative;6;62.569;7.159,0;11,44
Dayton Power & Light Co;OH;Investor Owned;422;294.409;28.517,0;9,69
Duke Energy Ohio Inc;OH;Investor Owned;470;1.225.322;67.543,1;5,51
Guernsey-Muskingum El Coop Inc;OH;Cooperative;10;31.082;4.160,7;13,39
Hancock-Wood Electric Coop Inc;OH;Cooperative;12;103.982;11.202,7;10,77
Holmes-Wayne Electric Coop Inc;OH;Cooperative;22;96.760;10.113,7;10,45
Licking Rural Electric Inc;OH;Cooperative;78;61.369;7.670,5;12,50
Lorain-Medina R E C, Inc;OH;Cooperative;13;71.514;4.849,2;6,78
Midwest Electric, Inc;OH;Cooperative;6;35.427;3.467,8;9,79
North Central Elec Coop, Inc;OH;Cooperative;19;52.442;5.400,0;10,30
Ohio Edison Co;OH;Investor Owned;247;1.141.769;77.934,1;6,83
Ohio Power Co;OH;Investor Owned;3.716;4.568.924;328.546,0;7,19
Ohio Valley Electric Corp;OH;Investor Owned;1;115.273;7.879,0;6,84
Paulding-Putman Elec Coop, Inc;OH;Cooperative;9;58.930;5.974,3;10,14
Pioneer Rural Elec Coop, Inc - (OH);OH;Cooperative;14;306.928;26.609,7;8,67
South Central Power Company;OH;Cooperative;678;939.611;92.441,2;9,84
The Toledo Edison Co;OH;Investor Owned;123;1.045.012;66.161,1;6,33
Union Rural Electric Coop, Inc;OH;Cooperative;8;277.938;25.089,6;9,03
Alfalfa Electric Coop, Inc;OK;Cooperative;224;338.119;30.836,0;9,12
CKenergy Electric Cooperative;OK;Cooperative;29;174.944;15.940,0;9,11
Canadian Valley Elec Coop, Inc;OK;Cooperative;13;216.975;16.059,5;7,40
Central Rural Electric Cooperative, Inc;OK;Cooperative;5;25.080;2.033,6;8,11
Choctaw Electric Coop Inc;OK;Cooperative;2;114.321;7.933,8;6,94
Cimarron Electric Coop;OK;Cooperative;13;189.229;14.438,1;7,63
City of Claremore;OK;Municipal;139;115.293;8.178,0;7,09
City of Ponca City - (OK);OK;Municipal;19;77.346;8.237,0;10,65
Cookson Hills Elec Coop, Inc;OK;Cooperative;149;38.177;3.261,1;8,54
Cotton Electric Coop, Inc;OK;Cooperative;14;326.637;24.711,8;7,57
Empire District Electric Co;OK;Investor Owned;10;33.809;3.296,7;9,75
Grand River Dam Authority;OK;State;31;3.636.749;228.376,9;6,28
Indian Electric Coop, Inc;OK;Cooperative;11;185.166;11.051,8;5,97
Kay Electric Coop;OK;Cooperative;7;247.796;17.988,0;7,26
Kiamichi Electric Coop, Inc;OK;Cooperative;5;32.695;2.793,0;8,54
Lake Region Electric Coop, Inc - (OK);OK;Cooperative;181;65.143;5.565,0;8,54
Northeast Oklahoma Electric Co;OK;Cooperative;11;33.077;2.417,0;7,31
Northwestern Electric Coop Inc - (OK);OK;Cooperative;12;122.559;9.924,0;8,10
Oklahoma Electric Coop Inc;OK;Cooperative;123;270.936;16.169,0;5,97
Oklahoma Gas & Electric Co;OK;Investor Owned;8.920;7.592.560;546.823,9;7,20
Ozarks Electric Coop Corp - (AR);OK;Cooperative;6;15.938;1.513,8;9,50
People's Electric Cooperative;OK;Cooperative;29;332.003;31.129,2;9,38
Public Service Co of Oklahoma;OK;Investor Owned;6.400;6.073.176;372.385,0;6,13
Red River Valley Rrl Elec Assn;OK;Cooperative;4;152.025;11.858,0;7,80
Rural Electric Coop, Inc;OK;Cooperative;11;159.589;11.966,8;7,50
Southeastern Electric Coop Inc - (OK);OK;Cooperative;15;155.196;10.609,0;6,84
Southwestern Electric Coop Inc - (NM);OK;Cooperative;11;676;95,4;14,11
Stillwater Utilities Authority;OK;Municipal;5;57.248;5.678,0;9,92
Tri-County Electric Coop, Inc (OK);OK;Cooperative;2.303;403.219;40.396,2;10,02
Verdigris Valley Elec Coop Inc;OK;Cooperative;734;111.413;9.735,0;8,74
Central Electric Coop Inc - (OR);OR;Cooperative;1.109;101.724;6.889,0;6,77
Central Lincoln People's Ut Dt;OR;Political Subdivision;207;627.547;31.079,0;4,95
City of Eugene - (OR);OR;Municipal;1.161;577.319;33.305,0;5,77
City of Forest Grove;OR;Municipal;141;118.062;8.357,0;7,08
City of McMinnville - (OR);OR;Municipal;55;338.340;16.094,0;4,76
City of Springfield - (OR);OR;Municipal;10;145.541;9.630,0;6,62
Clatskanie Peoples Util Dist;OR;Political Subdivision;6;869.489;51.235,2;5,89
Columbia River Peoples Ut Dist;OR;Political Subdivision;32;161.449;8.218,7;5,09
Columbia Rural Elec Assn, Inc;OR;Cooperative;61;4.909;435,5;8,87
Consumers Power, Inc;OR;Cooperative;536;41.923;3.394,3;8,10
Coos-Curry Electric Coop, Inc;OR;Cooperative;438;55.686;4.995,4;8,97
Emerald People's Utility Dist;OR;Political Subdivision;754;75.286;5.835,9;7,75
Idaho Power Co;OR;Investor Owned;2.318;341.376;26.495,9;7,76
Lane Electric Coop Inc;OR;Cooperative;2;5.626;420,6;7,48
Midstate Electric Coop, Inc;OR;Cooperative;4;28.562;2.101,0;7,36
Northern Wasco County PUD;OR;Political Subdivision;175;1.004.667;60.742,0;6,05
Oregon Trail El Cons Coop, Inc;OR;Cooperative;1.317;168.818;10.235,1;6,06
PacifiCorp;OR;Investor Owned;9.081;1.736.177;121.923,5;7,02
Portland General Electric Co;OR;Investor Owned;4.306;4.286.184;299.754,0;6,99
Salem Electric - (OR);OR;Cooperative;10;26.267;2.138,0;8,14
Surprise Valley Electrification;OR;Cooperative;288;17.477;1.521,3;8,70
Tillamook Peoples Utility Dist;OR;Political Subdivision;6;102.722;5.725,0;5,57
Umatilla Electric Coop Assn;OR;Cooperative;1.548;5.507.926;372.645,7;6,77
Adams Electric Cooperative Inc;PA;Cooperative;13;37.276;3.334,0;8,94
Bedford Rural Elec Coop, Inc;PA;Cooperative;2;174.562;11.351,0;6,50
Borough of Chambersburg;PA;Municipal;20;104.690;7.961,0;7,60
Central Electric Coop, Inc - (PA);PA;Cooperative;9;21.766;2.184,0;10,03
Citizens Electric Co - (PA);PA;Investor Owned;27;15.097;1.820,0;12,06
Claverack Rural Elec Coop Inc;PA;Cooperative;4;120.958;6.496,0;5,37
Duquesne Light Co;PA;Investor Owned;420;101.521;13.413,1;13,21
Metropolitan Edison Co;PA;Investor Owned;267;478.357;67.166,8;14,04
Northwestern Rural E C A, Inc - (PA);PA;Cooperative;1;2.849;233,0;8,18
PECO Energy Co;PA;Investor Owned;415;872.924;89.762,0;10,28
PPL Electric Utilities Corp;PA;Investor Owned;1.078;474.320;52.685,2;11,11
Pennsylvania Electric Co;PA;Investor Owned;233;231.030;38.980,9;16,87
Pennsylvania Power Co;PA;Investor Owned;94;145.203;17.696,6;12,19
REA Energy Coop Inc;PA;Cooperative;13;75.334;7.324,0;9,72
Somerset Rural Elec Coop, Inc;PA;Cooperative;3;15.242;1.356,0;8,90
Tri-County Rural Elec Coop Inc (PA);PA;Cooperative;4;49.575;3.682,0;7,43
UGI Utilities, Inc;PA;Investor Owned;104;26.028;3.215,9;12,36
Valley Rural Electric Coop Inc;PA;Cooperative;2;4.046;433,0;10,70
Wellsborough Electric Co;PA;Investor Owned;3;12.573;1.686,0;13,41
West Penn Power Company;PA;Investor Owned;507;639.464;72.069,0;11,27
Pascoag Utility District;RI;Municipal;61;16.120;2.415,0;14,98
The Narragansett Electric Co;RI;Investor Owned;1.078;98.394;23.572,4;23,96
Aiken Electric Coop Inc;SC;Cooperative;15;165.900;11.791,7;7,11
Berkeley Electric Coop Inc;SC;Cooperative;10;37.030;4.153,0;11,22
Black River Electric Coop, Inc - (SC);SC;Cooperative;13;107.272;8.423,7;7,85
Blue Ridge Electric Coop Inc - (SC);SC;Cooperative;54;151.059;15.631,9;10,35
Broad River Electric Coop, Inc;SC;Cooperative;10;67.918;5.396,0;7,94
City of Gaffney - (SC);SC;Municipal;22;47.074;3.774,0;8,02
City of Newberry - (SC);SC;Municipal;13;79.593;8.034,2;10,09
City of Orangeburg - (SC);SC;Municipal;118;328.310;26.434,3;8,05
City of Rock Hill - (SC);SC;Municipal;37;80.916;8.737,0;10,80
Dominion Energy South Carolina, Inc;SC;Investor Owned;764;5.568.616;531.159,0;9,54
Duke Energy Carolinas, LLC;SC;Investor Owned;1.521;8.543.696;504.532,9;5,91
Duke Energy Progress - (NC);SC;Investor Owned;446;2.393.276;161.609,0;6,75
Easley Combined Utility System;SC;Municipal;1;1.340;101,9;7,60
Edisto Electric Coop, Inc;SC;Cooperative;29;81.402;7.996,0;9,82
Fairfield Electric Coop, Inc;SC;Cooperative;18;149.855;10.276,0;6,86
Horry Electric Coop Inc;SC;Cooperative;12;35.545;3.509,0;9,87
Laurens Electric Coop, Inc;SC;Cooperative;54;163.545;15.018,0;9,18
Lockhart Power Co;SC;Investor Owned;10;120.496;8.820,0;7,32
Lynches River Elec Coop, Inc;SC;Cooperative;10;164.210;10.277,0;6,26
Marlboro Electric Coop, Inc;SC;Cooperative;8;692.241;40.111,0;5,79
Mid-Carolina Electric Coop Inc;SC;Cooperative;9;35.484;3.156,9;8,90
Newberry Electric Coop, Inc;SC;Cooperative;24;177.237;14.851,0;8,38
Palmetto Electric Coop Inc;SC;Cooperative;27;86.494;7.930,0;9,17
Pee Dee Electric Coop, Inc;SC;Cooperative;30;344.620;24.229,0;7,03
Santee Electric Coop, Inc;SC;Cooperative;16;549.430;38.000,4;6,92
South Carolina Public Service Authority;SC;State;28;6.002.154;386.210,6;6,43
Tri-County Electric Coop, Inc (SC);SC;Cooperative;269;30.435;2.844,4;9,35
York Electric Coop Inc;SC;Cooperative;27;72.070;6.812,0;9,45
Black Hills Electric Coop, Inc;SD;Cooperative;94;4.765;671,4;14,09
Black Hills Power, Inc.;SD;Investor Owned;6;201.145;18.278,0;9,09
Central Electric Coop, Inc - (SD);SD;Cooperative;174;194.650;15.938,8;8,19
City of Brookings - (SD);SD;Municipal;164;175.293;14.594,0;8,33
City of Madison - (SD);SD;Municipal;55;33.979;3.023,0;8,90
City of Pierre - (SD);SD;Municipal;163;75.881;5.259,4;6,93
City of Volga - (SD);SD;Municipal;38;54.872;4.385,4;7,99
Dakota Energy Coop Inc;SD;Cooperative;6;138.417;11.184,8;8,08
MidAmerican Energy Co;SD;Investor Owned;24;176.262;8.253,2;4,68
Montana-Dakota Utilities Co;SD;Investor Owned;8;7.548;713,0;9,45
NorthWestern Energy - (SD);SD;Investor Owned;62;455.890;34.799,0;7,63
Northern Electric Coop, Inc;SD;Cooperative;243;112.459;8.833,6;7,85
Northern States Power Co - Minnesota;SD;Investor Owned;26;380.262;33.655,2;8,85
Rosebud Electric Coop Inc;SD;Cooperative;23;792;81,5;10,29
Sioux Valley SW Elec Coop;SD;Cooperative;509;378.371;31.788,7;8,40
Southeastern Electric Coop Inc - (SD);SD;Cooperative;268;295.910;23.330,7;7,88
WAPA-- Western Area Power Administration;SD;Federal;3;5.001;56,7;1,13
Watertown Municipal Utilities;SD;Municipal;98;137.650;9.444,0;6,86
West River Electric Assn Inc;SD;Cooperative;19;29.747;3.020,0;10,15
Appalachian Electric Coop;TN;Cooperative;7;79.928;5.888,0;7,37
Athens Utility Board;TN;Municipal;7;344.170;20.951,0;6,09
Benton County;TN;Municipal;3;30.335;2.956,0;9,74
Bolivar Energy Authority;TN;Municipal;1;21.299;1.382,0;6,49
Caney Fork Electric Coop, Inc;TN;Cooperative;4;66.584;4.856,0;7,29
Carroll County - (TN);TN;Municipal;2;193.057;10.917,0;5,65
Chickasaw Electric Coop, Inc;TN;Cooperative;4;57.223;3.748,0;6,55
City of Alcoa Utilities;TN;Municipal;1;904;147,0;16,26
City of Bristol - (TN);TN;Municipal;8;117.218;8.292,0;7,07
City of Brownsville;TN;Municipal;4;84.997;5.906,0;6,95
City of Chattanooga - (TN);TN;Municipal;66;1.197.125;85.067,0;7,11
City of Clarksville - (TN);TN;Municipal;3;75.084;5.571,0;7,42
City of Cleveland - (TN);TN;Municipal;15;262.083;19.173,0;7,32
City of Clinton - (TN);TN;Municipal;10;258.340;17.756,0;6,87
City of Cookeville - (TN);TN;Municipal;6;53.780;3.232,0;6,01
City of Covington - (TN);TN;Municipal;5;96.461;7.123,0;7,38
City of Dayton - (TN);TN;Municipal;5;89.295;6.302,0;7,06
City of Dickson;TN;Municipal;17;136.728;11.092,0;8,11
City of Dyersburg;TN;Municipal;11;120.218;9.251,0;7,70
City of Elizabethton - (TN);TN;Municipal;2;34.061;2.700,0;7,93
City of Etowah;TN;Municipal;2;126.960;8.201,0;6,46
City of Fayetteville;TN;Municipal;3;85.665;5.507,0;6,43
City of Gallatin - (TN);TN;Municipal;10;212.270;11.591,0;5,46
City of Greeneville - (TN);TN;Municipal;18;357.713;22.966,0;6,42
City of Harriman - (TN);TN;Municipal;1;11.867;750,0;6,32
City of Humboldt;TN;Municipal;5;100.178;6.662,0;6,65
City of Jackson - (TN);TN;Municipal;32;722.652;47.589,0;6,59
City of LaFollette;TN;Municipal;3;16.157;1.699,0;10,52
City of Lawrenceburg;TN;Municipal;8;77.456;6.259,0;8,08
City of Lenoir - (TN);TN;Municipal;9;148.636;10.585,0;7,12
City of Lewisburg - (TN);TN;Municipal;8;158.126;11.478,0;7,26
City of Lexington - (TN);TN;Municipal;7;38.777;3.547,0;9,15
City of Memphis - (TN);TN;Municipal;96;1.706.538;124.450,5;7,29
City of Milan;TN;Municipal;3;17.345;1.662,0;9,58
City of Morristown - (TN);TN;Municipal;28;428.745;31.763,0;7,41
City of Mt Pleasant - (TN);TN;Municipal;6;63.237;5.479,0;8,66
City of Newbern;TN;Municipal;3;63.173;4.953,0;7,84
City of Newport;TN;Municipal;6;156.616;11.327,0;7,23
City of Oak Ridge;TN;Municipal;2;10.917;910,0;8,34
City of Paris - (TN);TN;Municipal;5;46.300;3.558,0;7,68
City of Pulaski - (TN);TN;Municipal;11;154.164;13.516,0;8,77
City of Ripley - (TN);TN;Municipal;3;41.800;3.248,0;7,77
City of Rockwood - (TN);TN;Municipal;5;47.264;3.678,0;7,78
City of Shelbyville - (TN);TN;Municipal;6;96.311;7.286,0;7,57
City of Smithville - (TN);TN;Municipal;3;48.257;3.186,0;6,60
City of Sparta;TN;Municipal;4;52.794;4.626,0;8,76
City of Springfield - (TN);TN;Municipal;6;86.390;7.024,0;8,13
City of Sweetwater;TN;Municipal;4;58.670;4.916,0;8,38
City of Trenton - (TN);TN;Municipal;1;8.717;832,0;9,54
City of Union City;TN;Municipal;5;167.750;11.964,0;7,13
City of Winchester - (TN);TN;Municipal;4;30.083;2.931,0;9,74
Cumberland Elec Member Corp;TN;Cooperative;26;663.466;47.120,0;7,10
Duck River Elec Member Corp;TN;Cooperative;15;306.722;22.812,0;7,44
Entergy Arkansas LLC;TN;Investor Owned;3;6;1,8;30,00
Fort Loudoun Electric Coop;TN;Cooperative;4;40.711;3.466,0;8,51
Gibson Electric Members Corp;TN;Cooperative;8;161.533;11.968,0;7,41
Holston Electric Coop, Inc;TN;Cooperative;18;294.642;22.091,0;7,50
Johnson City - (TN);TN;Municipal;12;183.686;11.196,0;6,10
Kingsport Power Co;TN;Investor Owned;195;821.973;64.099,0;7,80
Knoxville Utilities Board;TN;Municipal;27;1.075.416;55.667,0;5,18
Loudon Utilities Board;TN;Municipal;10;276.008;19.602,0;7,10
Maryville Utilities;TN;Municipal;11;283.524;17.767,0;6,27
McMinnville Electric System;TN;Municipal;2;12.291;1.119,0;9,10
Meriwether Lewis Electric Coop;TN;Cooperative;9;496.699;31.960,0;6,43
Middle Tennessee E M C;TN;Cooperative;40;885.934;62.736,0;7,08
Mountain Electric Coop, Inc;TN;Cooperative;3;123.859;6.570,0;5,30
Nashville Electric Service;TN;Municipal;59;999.130;77.683,0;7,78
Pickwick Electric Coop;TN;Cooperative;2;15.520;1.470,0;9,47
Plateau Electric Cooperative;TN;Cooperative;4;125.006;8.380,0;6,70
Powell Valley Electric Coop;TN;Cooperative;5;142.577;9.675,0;6,79
Sequachee Valley Electric Coop;TN;Cooperative;6;131.106;11.351,0;8,66
Sevier County Electric System;TN;Municipal;5;57.953;4.323,0;7,46
South Kentucky Rural E C C;TN;Cooperative;3;526;80,3;15,27
Southwest Tennessee E M C;TN;Cooperative;1;18.957;1.433,0;7,56
Tennessee Valley Authority;TN;Federal;19;6.130.045;321.903,5;5,25
Tennessee Valley Electric Coop;TN;Cooperative;1;9.336;850,0;9,10
Town of Erwin - (TN);TN;Municipal;5;58.155;5.226,0;8,99
Tri-County Elec Member Corp (TN);TN;Cooperative;2;6.872;455,0;6,62
Tullahoma Board-Public Utils;TN;Municipal;3;21.143;1.784,0;8,44
Upper Cumberland E M C;TN;Cooperative;9;133.434;9.801,0;7,35
Volunteer Electric Coop;TN;Cooperative;18;539.492;34.342,0;6,37
Weakley County Mun Elec Sys;TN;Municipal;7;40.688;3.667,0;9,01
American PowerNet;TX;Retail Power Marketer;2;176.351;8.771,9;4,97
Austin Energy;TX;Municipal;123;3.336.336;228.733,9;6,86
BP Energy Company;TX;Retail Power Marketer;3;372.681;24.932,0;6,69
BP Energy Retail LLC;TX;Retail Power Marketer;1;18.954;2.770,8;14,62
Bailey County Elec Coop Assn;TX;Cooperative;4.819;249.401;29.947,0;12,01
Bandera Electric Coop, Inc;TX;Cooperative;62;23.398;1.856,0;7,93
Big Country Electric Coop, Inc;TX;Cooperative;716;36.886;3.817,0;10,35
Bluebonnet Electric Coop, Inc;TX;Cooperative;1.579;506.779;30.799,1;6,08
Bowie-Cass Electric Coop, Inc;TX;Cooperative;8;46.457;5.724,5;12,32
Calpine Energy Solutions, LLC;TX;Retail Power Marketer;15;397.771;27.573,0;6,93
Calpine Power America LLC;TX;Retail Power Marketer;1;211.119;13.094,0;6,20
Central Texas Elec Coop, Inc;TX;Cooperative;3.845;133.365;10.106,4;7,58
Cherokee County Elec Coop Assn;TX;Cooperative;2;62.971;4.764,0;7,57
City of Brenham - (TX);TX;Municipal;24;119.576;8.282,1;6,93
City of Bryan - (TX);TX;Municipal;18;201.107;15.099,8;7,51
City of Denton - (TX);TX;Municipal;141;602.197;46.431,7;7,71
City of Garland - (TX);TX;Municipal;8;337.473;21.949,0;6,50
City of Georgetown - (TX);TX;Municipal;27;163.055;14.062,7;8,62
City of Lubbock - (TX);TX;Municipal;9;113.073;9.859,0;8,72
City of New Braunfels - (TX);TX;Municipal;16;631.702;58.880,2;9,32
City of San Antonio - (TX);TX;Municipal;37;595.232;55.316,0;9,29
City of San Marcos - (TX);TX;Municipal;2;2.575;214,0;8,31
City of Seguin - (TX);TX;Municipal;13;124.654;9.750,0;7,82
Comanche County Elec Coop Assn;TX;Cooperative;10;95.160;7.906,0;8,31
Concho Valley Elec Coop Inc;TX;Cooperative;1.794;256.135;24.774,6;9,67
ConocoPhillips Company;TX;Retail Power Marketer;1;186.370;18.385,3;9,86
Constellation NewEnergy, Inc;TX;Retail Power Marketer;733;1.445.279;110.770,4;7,66
Cooke County Elec Coop Assn;TX;Cooperative;6;50.739;4.493,9;8,86
Deaf Smith Electric Coop, Inc;TX;Cooperative;8.472;638.467;66.277,2;10,38
Deep East Texas Elec Coop Inc;TX;Cooperative;25;129.080;12.394,0;9,60
Denton County Elec Coop, Inc;TX;Cooperative;2.739;1.404.902;160.849,6;11,45
Direct Energy Business;TX;Retail Power Marketer;3.453;237.317;18.721,6;7,89
EDF Energy Services, LLC;TX;Retail Power Marketer;151;20.799.720;1.397.986,3;6,72
ENGIE Resources LLC;TX;Retail Power Marketer;3.704;2.352.975;189.992,0;8,07
El Paso Electric Co;TX;Investor Owned;41;997.619;72.065,0;7,22
Electranet Power LLC;TX;Retail Power Marketer;29;3.389;181,8;5,36
Entergy Texas Inc.;TX;Investor Owned;6.387;9.566.505;656.549,3;6,86
Farmers Electric Coop, Inc - (TX);TX;Cooperative;16;180.643;14.835,0;8,21
Fayette Electric Coop, Inc;TX;Cooperative;15;88.063;7.079,0;8,04
Greenbelt Electric Coop, Inc;TX;Cooperative;882;153.368;17.884,0;11,66
Guadalupe Valley Elec Coop Inc;TX;Cooperative;1.064;1.214.619;78.312,3;6,45
HILCO Electric Cooperative, Inc.;TX;Cooperative;2;13.042;1.081,0;8,29
Heart of Texas Electric Coop;TX;Cooperative;63;116.737;9.855,9;8,44
Houston County Elec Coop Inc;TX;Cooperative;9;89.787;7.817,8;8,71
Jackson Electric Coop, Inc - (TX);TX;Cooperative;53;614.350;45.924,0;7,48
Jasper-Newton Elec Coop, Inc;TX;Cooperative;170;139.947;12.959,0;9,26
Karnes Electric Coop Inc;TX;Cooperative;32;495.741;37.551,0;7,57
Lamb County Electric Coop, Inc;TX;Cooperative;7.315;250.530;28.415,0;11,34
Lea County Electric Coop, Inc;TX;Cooperative;13;105.010;10.586,0;10,08
Lighthouse Electric Coop, Inc;TX;Cooperative;5.168;161.063;23.816,6;14,79
Lyntegar Electric Coop, Inc;TX;Cooperative;11.285;351.346;47.774,0;13,60
MP2 Energy LLC;TX;Retail Power Marketer;892;3.174.335;225.315,5;7,10
Magic Valley Electric Coop Inc;TX;Cooperative;822;520.521;50.478,6;9,70
Medina Electric Coop, Inc;TX;Cooperative;1.077;783.681;70.122,1;8,95
Mid-South Electric Coop Assn;TX;Cooperative;19;243.108;27.225,9;11,20
MidAmerican Energy Services, LLC;TX;Retail Power Marketer;74;561.155;30.244,6;5,39
Navarro County Elec Coop, Inc;TX;Cooperative;11;256.268;19.808,0;7,73
Navasota Valley Elec Coop, Inc;TX;Cooperative;13;79.855;6.866,5;8,60
North Plains Electric Coop Inc;TX;Cooperative;26;89.737;8.137,0;9,07
Nueces Electric Cooperative;TX;Cooperative;26;2.845;493,0;17,33
Panola-Harrison Elec Coop, Inc;TX;Cooperative;12;19.535;2.482,9;12,71
Pedernales Electric Coop, Inc;TX;Cooperative;175;467.312;25.663,2;5,49
Reliant Energy Retail Services;TX;Retail Power Marketer;2.013;21.532.052;1.465.657,7;6,81
Rio Grande Electric Coop, Inc;TX;Cooperative;566;266.411;26.123,4;9,81
Rusk County Electric Coop, Inc;TX;Cooperative;27;160.789;13.458,3;8,37
Sam Houston Electric Coop Inc;TX;Cooperative;200;336.282;39.531,0;11,76
San Bernard Electric Coop, Inc;TX;Cooperative;4;190.455;18.209,5;9,56
San Patricio Electric Coop Inc;TX;Cooperative;43;58.725;6.458,8;11,00
South Plains Electric Coop Inc;TX;Cooperative;7.884;636.793;66.612,9;10,46
Southwest Texas Elec Coop, Inc;TX;Cooperative;443;189.290;19.389,0;10,24
Southwestern Electric Coop Inc - (NM);TX;Cooperative;13;2.895;386,7;13,36
Southwestern Electric Power Co;TX;Investor Owned;4.108;2.842.329;229.768,2;8,08
Southwestern Public Service Co;TX;Investor Owned;140;7.460.212;405.128,6;5,43
TXU Energy Retail Co, LLC;TX;Retail Power Marketer;231.417;31.749.029;2.182.636,2;6,87
Talen Energy Marketing, LLC;TX;Retail Power Marketer;4;52.024;2.305,0;4,43
Taylor Electric Coop Inc - (TX);TX;Cooperative;15;117.243;9.838,8;8,39
Tenaska Power Services;TX;Retail Power Marketer;193;5.893.726;446.520,3;7,58
Total Gas & Power North America Inc;TX;Retail Power Marketer;4;602.871;47.289,1;7,84
Tri-County Electric Coop, Inc (OK);TX;Cooperative;15;1.154;176,3;15,28
Tri-County Electric Coop, Inc (TX);TX;Cooperative;1.421;477.684;53.537,0;11,21
Trinity Valley Elec Coop Inc;TX;Cooperative;9;92.399;7.595,5;8,22
United Electric Coop Service Inc - (TX);TX;Cooperative;98;808.138;81.011,5;10,02
Upshur Rural Elec Coop Corp;TX;Cooperative;19;109.783;10.953,0;9,98
Victoria Electric Coop, Inc;TX;Cooperative;368;244.867;21.345,9;8,72
Weatherford Mun Utility System;TX;Municipal;4;41.042;2.854,0;6,95
Wharton County Elec Coop, Inc;TX;Cooperative;14;98.974;8.608,0;8,70
Withheld;TX;Retail Power Marketer;25;5.349.908;392.374,0;7,33
City of Bountiful;UT;Municipal;1;36.150;2.423,0;6,70
City of Logan - (UT);UT;Municipal;7;105.721;8.366,0;7,91
City of Murray - (UT);UT;Municipal;2;40.601;2.505,0;6,17
City of Springville - (UT);UT;Municipal;2;80.137;6.366,2;7,94
Dixie Escalante R E A, Inc;UT;Cooperative;1;22.658;1.584,8;6,99
Empire Electric Assn, Inc;UT;Cooperative;5;17;4,6;27,06
Garkane Energy Coop, Inc;UT;Cooperative;1;20.711;1.436,8;6,94
Moon Lake Electric Assn Inc;UT;Cooperative;1.644;299.652;26.575,8;8,87
Mt Wheeler Power, Inc;UT;Cooperative;59;9.412;622,0;6,61
Navajo Tribal Utility Authority;UT;State;1;249.915;12.886,0;5,16
PacifiCorp;UT;Investor Owned;7.977;7.696.713;522.362,1;6,79
Provo City Corp;UT;Municipal;1;133.603;8.537,1;6,39
Raft Rural Elec Coop Inc;UT;Cooperative;296;34.749;1.735,0;4,99
Spanish Fork City Corporation;UT;Municipal;11;61.181;4.141,0;6,77
Strawberry Electric Serv Dist;UT;Political Subdivision;41;3.170;333,2;10,51
WAPA-- Western Area Power Administration;UT;Federal;1;1.864;66,5;3,57
Wells Rural Electric Co;UT;Cooperative;4;16.584;1.054,4;6,36
A & N Electric Coop;VA;Cooperative;6;161.135;15.268,5;9,48
Appalachian Power Co;VA;Investor Owned;1.924;4.770.826;373.126,0;7,82
Bristol Virginia Utilities;VA;Municipal;3;77.249;5.448,0;7,05
Central Virginia Electric Coop;VA;Cooperative;28;223.791;20.799,0;9,29
City of Danville - (VA);VA;Municipal;28;152.231;12.863,8;8,45
City of Harrisonburg - (VA);VA;Municipal;14;127.345;11.139,0;8,75
City of Manassas - (VA);VA;Municipal;1;37.301;2.877,0;7,71
City of Salem - (VA);VA;Municipal;79;127.461;12.957,2;10,17
Kentucky Utilities Co;VA;Investor Owned;63;94.649;11.057,7;11,68
Mecklenburg Electric Cooperative;VA;Cooperative;31;385.556;22.661,5;5,88
Northern Virginia Elec Coop;VA;Cooperative;150;654.483;34.527,0;5,28
Powell Valley Electric Coop;VA;Cooperative;1;14.711;1.076,0;7,31
Prince George Electric Coop;VA;Cooperative;19;97.325;9.810,0;10,08
Rappahannock Electric Coop;VA;Cooperative;575;1.156.712;106.905,0;9,24
Shenandoah Valley Elec Coop;VA;Cooperative;81;675.501;56.214,3;8,32
Southside Electric Coop, Inc;VA;Cooperative;17;68.065;6.190,0;9,09
Town of Bedford - (VA);VA;Municipal;2;48.603;4.800,0;9,88
Virginia Electric & Power Co;VA;Investor Owned;540;5.312.012;411.301,5;7,74
Virginia Tech Electric Service;VA;State;5;9.784;850,7;8,69
City of Burlington Electric - (VT);VT;Municipal;9;66.676;8.146,4;12,22
Green Mountain Power Corp;VT;Investor Owned;73;1.105.029;126.104,0;11,41
Vermont Electric Cooperative, Inc;VT;Cooperative;18;100.051;11.880,4;11,87
Washington Electric Coop - (VT);VT;Cooperative;13;3.569;586,0;16,42
Avista Corp;WA;Investor Owned;825;948.610;63.205,6;6,66
Benton Rural Electric Assn;WA;Cooperative;1.393;203.793;12.901,6;6,33
Big Bend Electric Coop, Inc;WA;Cooperative;2.497;311.538;20.753,9;6,66
Bonneville Power Administration;WA;Federal;3;497.312;13.334,1;2,68
City of Centralia - (WA);WA;Municipal;140;112.454;10.909,2;9,70
City of Ellensburg - (WA);WA;Municipal;1;5.951;493,0;8,28
City of Port Angeles - (WA);WA;Municipal;5;171.458;7.861,0;4,58
City of Richland - (WA);WA;Municipal;54;198.947;12.343,0;6,20
City of Seattle - (WA);WA;Municipal;57;865.013;75.742,6;8,76
City of Tacoma - (WA);WA;Municipal;2.732;2.423.193;164.973,0;6,81
Columbia Rural Elec Assn, Inc;WA;Cooperative;537;213.152;16.762,8;7,86
Inland Power & Light Company;WA;Cooperative;507;93.574;5.697,8;6,09
Kootenai Electric Cooperative;WA;Cooperative;1;0;0,3;.
Lakeview Light & Power;WA;Cooperative;47;78.926;6.533,0;8,28
PUD 1 of Snohomish County;WA;Political Subdivision;75;469.620;33.187,0;7,07
PUD No 1 of Benton County;WA;Political Subdivision;985;456.629;26.550,0;5,81
PUD No 1 of Chelan County;WA;Political Subdivision;1.456;401.961;12.844,8;3,20
PUD No 1 of Clallam County;WA;Political Subdivision;1;21.163;1.539,5;7,27
PUD No 1 of Clark County - (WA);WA;Political Subdivision;28;762.900;42.422,0;5,56
PUD No 1 of Cowlitz County;WA;Political Subdivision;31;3.264.286;143.264,0;4,39
PUD No 1 of Douglas County;WA;Political Subdivision;7;495.488;21.379,0;4,31
PUD No 1 of Franklin County;WA;Political Subdivision;335;276.899;18.038,0;6,51
PUD No 1 of Grays Harbor County;WA;Political Subdivision;18;150.001;14.048,2;9,37
PUD No 1 of Jefferson County;WA;Political Subdivision;21;95.574;5.814,5;6,08
PUD No 1 of Klickitat County;WA;Political Subdivision;253;166.601;8.518,0;5,11
PUD No 1 of Lewis County;WA;Political Subdivision;174;277.887;18.416,1;6,63
PUD No 1 of Okanogan County;WA;Political Subdivision;2;14.058;950,0;6,76
PUD No 1 of Pend Oreille County;WA;Political Subdivision;11;56.175;3.753,0;6,68
PUD No 1 of Whatcom County;WA;Political Subdivision;1;201.444;10.698,0;5,31
PUD No 2 of Grant County;WA;Political Subdivision;5.284;3.797.282;165.156,0;4,35
PUD No 2 of Pacific County;WA;Political Subdivision;1;21.225;1.250,0;5,89
PUD No 3 of Mason County;WA;Political Subdivision;1;44.928;3.138,0;6,98
PacifiCorp;WA;Investor Owned;5.464;915.930;67.908,3;7,41
Puget Sound Energy Inc;WA;Investor Owned;3.222;1.113.909;116.711,9;10,48
Adams-Columbia Electric Coop;WI;Cooperative;982;254.133;24.865,2;9,78
Algoma Utility Comm;WI;Municipal;1;6.778;625,0;9,22
Barron Electric Coop;WI;Cooperative;166;104.392;7.380,1;7,07
Brodhead Water & Lighting Comm;WI;Municipal;2;9.417;1.047,4;11,12
Cedarburg Light & Water Comm;WI;Municipal;1;12.176;884,8;7,27
City of Columbus - (WI);WI;Municipal;3;31.356;2.823,1;9,00
City of Evansville;WI;Municipal;2;10.451;854,3;8,17
City of Kaukauna;WI;Municipal;15;287.201;22.460,2;7,82
City of Marshfield - (WI);WI;Municipal;53;173.032;15.759,0;9,11
City of Menasha - (WI);WI;Municipal;8;403.224;31.220,3;7,74
City of Plymouth - (WI);WI;Municipal;6;96.964;8.378,2;8,64
City of Richland Center - (WI);WI;Municipal;4;50.701;3.959,0;7,81
City of River Falls;WI;Municipal;4;16.095;1.684,5;10,47
City of Stoughton - (WI);WI;Municipal;3;20.310;1.960,6;9,65
City of Sturgeon Bay - (WI);WI;Municipal;1;16.772;1.468,9;8,76
Consolidated Water Power Co;WI;Investor Owned;4;669.709;47.542,9;7,10
Dahlberg Light & Power Co;WI;Investor Owned;38;16.592;1.707,0;10,29
Dunn County Electric Coop;WI;Cooperative;5;56.554;4.683,0;8,28
Hartford Electric;WI;Municipal;8;179.064;14.853,9;8,30
Jefferson Utilities;WI;Municipal;1;15.736;1.360,7;8,65
Juneau Utility Comm;WI;Municipal;2;16.034;1.530,8;9,55
Madison Gas & Electric Co;WI;Investor Owned;22;152.733;13.261,0;8,68
Manitowoc Public Utilities;WI;Municipal;77;324.089;21.646,8;6,68
New London Electric&Water Util;WI;Municipal;5;116.562;10.395,0;8,92
North Central Power Co Inc;WI;Investor Owned;5;3.404;356,0;10,46
Northern States Power Co;WI;Investor Owned;123;2.159.200;181.458,0;8,40
Northwestern Wisconsin Elec Co;WI;Investor Owned;23;37.642;3.810,4;10,12
Oakdale Electric Coop;WI;Cooperative;51;161.304;14.483,0;8,98
Oconomowoc Utilities;WI;Municipal;4;28.779;2.301,1;8,00
Pioneer Power and Light Co;WI;Investor Owned;24;3.517;449,6;12,78
Polk-Burnett Electric Coop;WI;Cooperative;13;176;31,0;17,61
Reedsburg Utility Comm;WI;Municipal;8;131.269;12.454,3;9,49
Riverland Energy Cooperative;WI;Cooperative;13;18.205;1.574,0;8,65
Rock Energy Cooperative;WI;Cooperative;76;179.678;11.720,0;6,52
Scenic Rivers Energy Coop;WI;Cooperative;813;39.452;4.764,8;12,08
Shawano Municipal Utilities;WI;Municipal;178;227.777;18.083,4;7,94
Sun Prairie Utilities;WI;Municipal;5;32.725;2.778,7;8,49
Superior Water and Light Co;WI;Investor Owned;116;699.862;56.567,3;8,08
Two Rivers Water & Light;WI;Municipal;1;5.658;612,5;10,83
Village of Muscoda - (WI);WI;Municipal;3;38.867;3.701,3;9,52
Village of Prairie Du Sac - (WI);WI;Municipal;1;11.458;1.290,9;11,27
Village of Waunakee - (WI);WI;Municipal;2;15.491;1.397,4;9,02
Waupun Utilities;WI;Municipal;2;37.603;3.008,4;8,00
Westfield Electric Company;WI;Investor Owned;31;1.259;215,0;17,08
Whitehall Electric Utility;WI;Municipal;1;6.103;577,7;9,47
Wisconsin Electric Power Co;WI;Investor Owned;616;6.655.882;626.526,9;9,41
Wisconsin Power & Light Co;WI;Investor Owned;1.065;5.066.089;427.277,0;8,43
Wisconsin Public Service Corp;WI;Investor Owned;196;3.962.556;290.660,7;7,34
Wisconsin Rapids W W & L Comm;WI;Municipal;6;46.428;3.819,0;8,23
Appalachian Power Co;WV;Investor Owned;2.213;3.784.298;294.300,0;7,78
Monongahela Power Co;WV;Investor Owned;6.649;5.745.115;363.026,0;6,32
The Potomac Edison Company;WV;Investor Owned;1.842;990.752;62.676,5;6,33
Wheeling Power Co;WV;Investor Owned;426;4.053.870;261.941,0;6,46
Black Hills Power, Inc.;WY;Investor Owned;10;114.357;10.241,0;8,96
Cheyenne Light Fuel & Power;WY;Investor Owned;4;1.055.297;83.672,0;7,93
High Plains Power Inc;WY;Cooperative;689;688.564;56.768,0;8,24
High West Energy, Inc;WY;Cooperative;1.298;195.147;19.906,0;10,20
Lower Valley Energy Inc;WY;Cooperative;244;31.975;1.683,0;5,26
Montana-Dakota Utilities Co;WY;Investor Owned;14;1.612;164,0;10,17
PacifiCorp;WY;Investor Owned;2.719;6.194.566;379.432,6;6,13
Powder River Energy Corp;WY;Cooperative;3.887;1.110.253;77.941,8;7,02
WAPA-- Western Area Power Administration;WY;Federal;3;9.693;28,4;0,29
Adjustment 2022;AK;;313;120.223;31.649,5;.
Adjustment 2022;AL;;497;372.652;37.701,6;.
Adjustment 2022;AR;;490;150.969;21.074,9;.
Adjustment 2022;AZ;;2.644;686.960;58.374,5;.
Adjustment 2022;CA;;724;485.090;72.847,7;.
Adjustment 2022;CO;;462;108.858;14.777,9;.
Adjustment 2022;CT;;51;20.731;3.588,3;.
Adjustment 2022;DE;;250;147.468;17.492,8;.
Adjustment 2022;FL;;142;38.168;7.006,2;.
Adjustment 2022;GA;;2.602;1.253.272;109.181,3;.
Adjustment 2022;IA;;3.837;1.512.964;125.064,3;.
Adjustment 2022;ID;;871;204.167;12.723,1;.
Adjustment 2022;IL;;650;529.759;58.852,3;.
Adjustment 2022;IN;;1.853;1.281.948;133.248,3;.
Adjustment 2022;KS;;3.929;626.924;71.000,7;.
Adjustment 2022;KY;;358;222.870;22.732,5;.
Adjustment 2022;LA;;231;134.222;16.281,2;.
Adjustment 2022;MA;;1.091;410.175;73.894,0;.
Adjustment 2022;MD;;151;43.777;4.268,3;.
Adjustment 2022;ME;;27;13.483;2.162,8;.
Adjustment 2022;MI;;310;517.250;52.143,1;.
Adjustment 2022;MN;;2.168;1.731.023;161.133,6;.
Adjustment 2022;MO;;3.354;906.753;93.880,2;.
Adjustment 2022;MS;;1.831;147.982;18.735,3;.
Adjustment 2022;MT;;6.688;433.815;40.958,4;.
Adjustment 2022;NC;;235;336.889;32.946,2;.
Adjustment 2022;ND;;370;57.623;6.441,9;.
Adjustment 2022;NE;;27.337;1.869.574;203.237,9;.
Adjustment 2022;NH;;72;65.385;10.173,9;.
Adjustment 2022;NJ;;24;18.189;2.795,7;.
Adjustment 2022;NM;;547;92.154;11.183,4;.
Adjustment 2022;NV;;759;137.188;9.950,8;.
Adjustment 2022;NY;;1.291;648.913;36.033,1;.
Adjustment 2022;OH;;1.026;1.383.196;145.650,5;.
Adjustment 2022;OK;;628;499.178;45.584,4;.
Adjustment 2022;OR;;2.913;460.089;32.479,0;.
Adjustment 2022;PA;;854;292.473;36.492,8;.
Adjustment 2022;SC;;40;63.514;8.408,6;.
Adjustment 2022;SD;;2.218;349.171;30.608,9;.
Adjustment 2022;TX;;4.797;454.633;51.815,4;.
Adjustment 2022;UT;;326;291.842;21.535,9;.
Adjustment 2022;VA;;65;129.465;14.113,1;.
Adjustment 2022;VT;;140;92.104;15.778,8;.
Adjustment 2022;WA;;195;123.991;10.301,0;.
Adjustment 2022;WI;;797;947.608;87.338,3;.
Adjustment 2022;WV;;94;248;26,0;.
Adjustment 2022;WY;;2.862;478.495;50.933,9;.